video_path,label
FakeAVCeleb\RealVideo-RealAudio\African\men\id00076\00109.mp4,real
FakeAVCeleb\RealVideo-RealAudio\African\men\id00166\00010.mp4,real
FakeAVCeleb\RealVideo-RealAudio\African\men\id00173\00118.mp4,real
FakeAVCeleb\RealVideo-RealAudio\African\men\id00366\00118.mp4,real
FakeAVCeleb\RealVideo-RealAudio\African\men\id00391\00052.mp4,real
FakeAVCeleb\RealVideo-RealAudio\African\men\id00475\00099.mp4,real
FakeAVCeleb\RealVideo-RealAudio\African\men\id00476\00109.mp4,real
FakeAVCeleb\RealVideo-RealAudio\African\men\id00478\00206.mp4,real
FakeAVCeleb\RealVideo-RealAudio\African\men\id00518\00031.mp4,real
FakeAVCeleb\RealVideo-RealAudio\African\men\id00701\00092.mp4,real
FakeAVCeleb\RealVideo-RealAudio\African\men\id00761\00072.mp4,real
FakeAVCeleb\RealVideo-RealAudio\African\men\id00781\00092.mp4,real
FakeAVCeleb\RealVideo-RealAudio\African\men\id00830\00143.mp4,real
FakeAVCeleb\RealVideo-RealAudio\African\men\id00944\00135.mp4,real
FakeAVCeleb\RealVideo-RealAudio\African\men\id00987\00160.mp4,real
FakeAVCeleb\RealVideo-RealAudio\African\men\id01036\00010.mp4,real
FakeAVCeleb\RealVideo-RealAudio\African\men\id01076\00005.mp4,real
FakeAVCeleb\RealVideo-RealAudio\African\men\id01170\00021.mp4,real
FakeAVCeleb\RealVideo-RealAudio\African\men\id01171\00053.mp4,real
FakeAVCeleb\RealVideo-RealAudio\African\men\id01179\00160.mp4,real
FakeAVCeleb\RealVideo-RealAudio\African\men\id01207\00320.mp4,real
FakeAVCeleb\RealVideo-RealAudio\African\men\id01236\00005.mp4,real
FakeAVCeleb\RealVideo-RealAudio\African\men\id01392\00167.mp4,real
FakeAVCeleb\RealVideo-RealAudio\African\men\id01452\00001.mp4,real
FakeAVCeleb\RealVideo-RealAudio\African\men\id01521\00109.mp4,real
FakeAVCeleb\RealVideo-RealAudio\African\men\id01528\00017.mp4,real
FakeAVCeleb\RealVideo-RealAudio\African\men\id01530\00002.mp4,real
FakeAVCeleb\RealVideo-RealAudio\African\men\id01544\00044.mp4,real
FakeAVCeleb\RealVideo-RealAudio\African\men\id01597\00005.mp4,real
FakeAVCeleb\RealVideo-RealAudio\African\men\id01598\00044.mp4,real
FakeAVCeleb\RealVideo-RealAudio\African\men\id01610\00090.mp4,real
FakeAVCeleb\RealVideo-RealAudio\African\men\id01637\00002.mp4,real
FakeAVCeleb\RealVideo-RealAudio\African\men\id01691\00045.mp4,real
FakeAVCeleb\RealVideo-RealAudio\African\men\id01717\00005.mp4,real
FakeAVCeleb\RealVideo-RealAudio\African\men\id01779\00010.mp4,real
FakeAVCeleb\RealVideo-RealAudio\African\men\id01835\00130.mp4,real
FakeAVCeleb\RealVideo-RealAudio\African\men\id01856\00006.mp4,real
FakeAVCeleb\RealVideo-RealAudio\African\men\id01920\00099.mp4,real
FakeAVCeleb\RealVideo-RealAudio\African\men\id01933\00028.mp4,real
FakeAVCeleb\RealVideo-RealAudio\African\men\id01972\00078.mp4,real
FakeAVCeleb\RealVideo-RealAudio\African\men\id01995\00071.mp4,real
FakeAVCeleb\RealVideo-RealAudio\African\men\id02005\00052.mp4,real
FakeAVCeleb\RealVideo-RealAudio\African\men\id02040\00476.mp4,real
FakeAVCeleb\RealVideo-RealAudio\African\men\id02051\00015.mp4,real
FakeAVCeleb\RealVideo-RealAudio\African\men\id02268\00036.mp4,real
FakeAVCeleb\RealVideo-RealAudio\African\men\id02296\00019.mp4,real
FakeAVCeleb\RealVideo-RealAudio\African\men\id02316\00094.mp4,real
FakeAVCeleb\RealVideo-RealAudio\African\men\id02342\00191.mp4,real
FakeAVCeleb\RealVideo-RealAudio\African\men\id02494\00050.mp4,real
FakeAVCeleb\RealVideo-RealAudio\African\men\id04727\00007.mp4,real
FakeAVCeleb\RealVideo-RealAudio\African\women\id00220\00027.mp4,real
FakeAVCeleb\RealVideo-RealAudio\African\women\id00359\00053.mp4,real
FakeAVCeleb\RealVideo-RealAudio\African\women\id00371\00099.mp4,real
FakeAVCeleb\RealVideo-RealAudio\African\women\id00460\00005.mp4,real
FakeAVCeleb\RealVideo-RealAudio\African\women\id00568\00384.mp4,real
FakeAVCeleb\RealVideo-RealAudio\African\women\id00577\00010.mp4,real
FakeAVCeleb\RealVideo-RealAudio\African\women\id00592\00017.mp4,real
FakeAVCeleb\RealVideo-RealAudio\African\women\id00707\00052.mp4,real
FakeAVCeleb\RealVideo-RealAudio\African\women\id00829\00271.mp4,real
FakeAVCeleb\RealVideo-RealAudio\African\women\id00832\00078.mp4,real
FakeAVCeleb\RealVideo-RealAudio\African\women\id01178\00028.mp4,real
FakeAVCeleb\RealVideo-RealAudio\African\women\id01532\00065.mp4,real
FakeAVCeleb\RealVideo-RealAudio\African\women\id01661\00059.mp4,real
FakeAVCeleb\RealVideo-RealAudio\African\women\id01783\00015.mp4,real
FakeAVCeleb\RealVideo-RealAudio\African\women\id01838\00126.mp4,real
FakeAVCeleb\RealVideo-RealAudio\African\women\id01907\00148.mp4,real
FakeAVCeleb\RealVideo-RealAudio\African\women\id02071\00195.mp4,real
FakeAVCeleb\RealVideo-RealAudio\African\women\id02301\00092.mp4,real
FakeAVCeleb\RealVideo-RealAudio\African\women\id02508\00083.mp4,real
FakeAVCeleb\RealVideo-RealAudio\African\women\id02586\00042.mp4,real
FakeAVCeleb\RealVideo-RealAudio\African\women\id02617\00028.mp4,real
FakeAVCeleb\RealVideo-RealAudio\African\women\id02721\00424.mp4,real
FakeAVCeleb\RealVideo-RealAudio\African\women\id02808\00056.mp4,real
FakeAVCeleb\RealVideo-RealAudio\African\women\id02824\00130.mp4,real
FakeAVCeleb\RealVideo-RealAudio\African\women\id02838\00080.mp4,real
FakeAVCeleb\RealVideo-RealAudio\African\women\id02948\00298.mp4,real
FakeAVCeleb\RealVideo-RealAudio\African\women\id03103\00130.mp4,real
FakeAVCeleb\RealVideo-RealAudio\African\women\id03569\00065.mp4,real
FakeAVCeleb\RealVideo-RealAudio\African\women\id03656\00052.mp4,real
FakeAVCeleb\RealVideo-RealAudio\African\women\id03658\00077.mp4,real
FakeAVCeleb\RealVideo-RealAudio\African\women\id03713\00249.mp4,real
FakeAVCeleb\RealVideo-RealAudio\African\women\id03747\00273.mp4,real
FakeAVCeleb\RealVideo-RealAudio\African\women\id04055\00001.mp4,real
FakeAVCeleb\RealVideo-RealAudio\African\women\id04245\00072.mp4,real
FakeAVCeleb\RealVideo-RealAudio\African\women\id04374\00032.mp4,real
FakeAVCeleb\RealVideo-RealAudio\African\women\id04376\00181.mp4,real
FakeAVCeleb\RealVideo-RealAudio\African\women\id04437\00002.mp4,real
FakeAVCeleb\RealVideo-RealAudio\African\women\id04540\00078.mp4,real
FakeAVCeleb\RealVideo-RealAudio\African\women\id04547\00052.mp4,real
FakeAVCeleb\RealVideo-RealAudio\African\women\id04689\00005.mp4,real
FakeAVCeleb\RealVideo-RealAudio\African\women\id04705\00408.mp4,real
FakeAVCeleb\RealVideo-RealAudio\African\women\id04736\00083.mp4,real
FakeAVCeleb\RealVideo-RealAudio\African\women\id04820\00015.mp4,real
FakeAVCeleb\RealVideo-RealAudio\African\women\id04939\00174.mp4,real
FakeAVCeleb\RealVideo-RealAudio\African\women\id05106\00078.mp4,real
FakeAVCeleb\RealVideo-RealAudio\African\women\id05231\00149.mp4,real
FakeAVCeleb\RealVideo-RealAudio\African\women\id05235\00052.mp4,real
FakeAVCeleb\RealVideo-RealAudio\African\women\id05251\00033.mp4,real
FakeAVCeleb\RealVideo-RealAudio\African\women\id05252\00052.mp4,real
FakeAVCeleb\RealVideo-RealAudio\African\women\id05980\00143.mp4,real
FakeAVCeleb\RealVideo-RealAudio\Caucasian (American)\men\id00018\00181.mp4,real
FakeAVCeleb\RealVideo-RealAudio\Caucasian (American)\men\id00020\00206.mp4,real
FakeAVCeleb\RealVideo-RealAudio\Caucasian (American)\men\id00021\00010.mp4,real
FakeAVCeleb\RealVideo-RealAudio\Caucasian (American)\men\id00029\00288.mp4,real
FakeAVCeleb\RealVideo-RealAudio\Caucasian (American)\men\id00049\00118.mp4,real
FakeAVCeleb\RealVideo-RealAudio\Caucasian (American)\men\id00052\00015.mp4,real
FakeAVCeleb\RealVideo-RealAudio\Caucasian (American)\men\id00060\00307.mp4,real
FakeAVCeleb\RealVideo-RealAudio\Caucasian (American)\men\id00062\00278.mp4,real
FakeAVCeleb\RealVideo-RealAudio\Caucasian (American)\men\id00087\00002.mp4,real
FakeAVCeleb\RealVideo-RealAudio\Caucasian (American)\men\id00088\00005.mp4,real
FakeAVCeleb\RealVideo-RealAudio\Caucasian (American)\men\id00169\00021.mp4,real
FakeAVCeleb\RealVideo-RealAudio\Caucasian (American)\men\id00179\00143.mp4,real
FakeAVCeleb\RealVideo-RealAudio\Caucasian (American)\men\id00184\00241.mp4,real
FakeAVCeleb\RealVideo-RealAudio\Caucasian (American)\men\id00243\00037.mp4,real
FakeAVCeleb\RealVideo-RealAudio\Caucasian (American)\men\id00264\00257.mp4,real
FakeAVCeleb\RealVideo-RealAudio\Caucasian (American)\men\id00345\00243.mp4,real
FakeAVCeleb\RealVideo-RealAudio\Caucasian (American)\men\id00529\00409.mp4,real
FakeAVCeleb\RealVideo-RealAudio\Caucasian (American)\men\id00696\00005.mp4,real
FakeAVCeleb\RealVideo-RealAudio\Caucasian (American)\men\id00708\00043.mp4,real
FakeAVCeleb\RealVideo-RealAudio\Caucasian (American)\men\id00775\00092.mp4,real
FakeAVCeleb\RealVideo-RealAudio\Caucasian (American)\men\id00777\00160.mp4,real
FakeAVCeleb\RealVideo-RealAudio\Caucasian (American)\men\id00943\00304.mp4,real
FakeAVCeleb\RealVideo-RealAudio\Caucasian (American)\men\id00945\00107.mp4,real
FakeAVCeleb\RealVideo-RealAudio\Caucasian (American)\men\id00971\00253.mp4,real
FakeAVCeleb\RealVideo-RealAudio\Caucasian (American)\men\id01035\00012.mp4,real
FakeAVCeleb\RealVideo-RealAudio\Caucasian (American)\men\id01042\00154.mp4,real
FakeAVCeleb\RealVideo-RealAudio\Caucasian (American)\men\id01044\00336.mp4,real
FakeAVCeleb\RealVideo-RealAudio\Caucasian (American)\men\id01048\00160.mp4,real
FakeAVCeleb\RealVideo-RealAudio\Caucasian (American)\men\id01096\00037.mp4,real
FakeAVCeleb\RealVideo-RealAudio\Caucasian (American)\men\id01105\00083.mp4,real
FakeAVCeleb\RealVideo-RealAudio\Caucasian (American)\men\id01124\00063.mp4,real
FakeAVCeleb\RealVideo-RealAudio\Caucasian (American)\men\id01163\00195.mp4,real
FakeAVCeleb\RealVideo-RealAudio\Caucasian (American)\men\id01168\00028.mp4,real
FakeAVCeleb\RealVideo-RealAudio\Caucasian (American)\men\id01172\00015.mp4,real
FakeAVCeleb\RealVideo-RealAudio\Caucasian (American)\men\id01175\00025.mp4,real
FakeAVCeleb\RealVideo-RealAudio\Caucasian (American)\men\id01182\00167.mp4,real
FakeAVCeleb\RealVideo-RealAudio\Caucasian (American)\men\id01192\00217.mp4,real
FakeAVCeleb\RealVideo-RealAudio\Caucasian (American)\men\id01201\00028.mp4,real
FakeAVCeleb\RealVideo-RealAudio\Caucasian (American)\men\id01210\00283.mp4,real
FakeAVCeleb\RealVideo-RealAudio\Caucasian (American)\men\id01211\00023.mp4,real
FakeAVCeleb\RealVideo-RealAudio\Caucasian (American)\men\id01239\00280.mp4,real
FakeAVCeleb\RealVideo-RealAudio\Caucasian (American)\men\id03525\00048.mp4,real
FakeAVCeleb\RealVideo-RealAudio\Caucasian (American)\men\id03668\00143.mp4,real
FakeAVCeleb\RealVideo-RealAudio\Caucasian (American)\men\id03678\00078.mp4,real
FakeAVCeleb\RealVideo-RealAudio\Caucasian (American)\men\id03757\00149.mp4,real
FakeAVCeleb\RealVideo-RealAudio\Caucasian (American)\men\id04034\00009.mp4,real
FakeAVCeleb\RealVideo-RealAudio\Caucasian (American)\men\id04073\00021.mp4,real
FakeAVCeleb\RealVideo-RealAudio\Caucasian (American)\men\id04216\00470.mp4,real
FakeAVCeleb\RealVideo-RealAudio\Caucasian (American)\men\id04219\00130.mp4,real
FakeAVCeleb\RealVideo-RealAudio\Caucasian (American)\men\id04221\00053.mp4,real
FakeAVCeleb\RealVideo-RealAudio\Caucasian (American)\women\id00025\00025.mp4,real
FakeAVCeleb\RealVideo-RealAudio\Caucasian (American)\women\id00097\00162.mp4,real
FakeAVCeleb\RealVideo-RealAudio\Caucasian (American)\women\id00098\00004.mp4,real
FakeAVCeleb\RealVideo-RealAudio\Caucasian (American)\women\id00100\00028.mp4,real
FakeAVCeleb\RealVideo-RealAudio\Caucasian (American)\women\id00145\00043.mp4,real
FakeAVCeleb\RealVideo-RealAudio\Caucasian (American)\women\id00180\00206.mp4,real
FakeAVCeleb\RealVideo-RealAudio\Caucasian (American)\women\id00190\00072.mp4,real
FakeAVCeleb\RealVideo-RealAudio\Caucasian (American)\women\id00231\00037.mp4,real
FakeAVCeleb\RealVideo-RealAudio\Caucasian (American)\women\id00261\00048.mp4,real
FakeAVCeleb\RealVideo-RealAudio\Caucasian (American)\women\id00272\00195.mp4,real
FakeAVCeleb\RealVideo-RealAudio\Caucasian (American)\women\id00291\00052.mp4,real
FakeAVCeleb\RealVideo-RealAudio\Caucasian (American)\women\id00381\00030.mp4,real
FakeAVCeleb\RealVideo-RealAudio\Caucasian (American)\women\id00383\00171.mp4,real
FakeAVCeleb\RealVideo-RealAudio\Caucasian (American)\women\id00385\00439.mp4,real
FakeAVCeleb\RealVideo-RealAudio\Caucasian (American)\women\id00398\00016.mp4,real
FakeAVCeleb\RealVideo-RealAudio\Caucasian (American)\women\id00418\00052.mp4,real
FakeAVCeleb\RealVideo-RealAudio\Caucasian (American)\women\id00428\00017.mp4,real
FakeAVCeleb\RealVideo-RealAudio\Caucasian (American)\women\id00431\00039.mp4,real
FakeAVCeleb\RealVideo-RealAudio\Caucasian (American)\women\id00458\00072.mp4,real
FakeAVCeleb\RealVideo-RealAudio\Caucasian (American)\women\id00462\00143.mp4,real
FakeAVCeleb\RealVideo-RealAudio\Caucasian (American)\women\id00555\00005.mp4,real
FakeAVCeleb\RealVideo-RealAudio\Caucasian (American)\women\id00575\00092.mp4,real
FakeAVCeleb\RealVideo-RealAudio\Caucasian (American)\women\id00616\00305.mp4,real
FakeAVCeleb\RealVideo-RealAudio\Caucasian (American)\women\id00618\00195.mp4,real
FakeAVCeleb\RealVideo-RealAudio\Caucasian (American)\women\id00680\00110.mp4,real
FakeAVCeleb\RealVideo-RealAudio\Caucasian (American)\women\id00752\00340.mp4,real
FakeAVCeleb\RealVideo-RealAudio\Caucasian (American)\women\id00835\00195.mp4,real
FakeAVCeleb\RealVideo-RealAudio\Caucasian (American)\women\id00841\00078.mp4,real
FakeAVCeleb\RealVideo-RealAudio\Caucasian (American)\women\id00842\00043.mp4,real
FakeAVCeleb\RealVideo-RealAudio\Caucasian (American)\women\id00848\00028.mp4,real
FakeAVCeleb\RealVideo-RealAudio\Caucasian (American)\women\id01004\00028.mp4,real
FakeAVCeleb\RealVideo-RealAudio\Caucasian (American)\women\id01005\00028.mp4,real
FakeAVCeleb\RealVideo-RealAudio\Caucasian (American)\women\id01075\00160.mp4,real
FakeAVCeleb\RealVideo-RealAudio\Caucasian (American)\women\id01091\00236.mp4,real
FakeAVCeleb\RealVideo-RealAudio\Caucasian (American)\women\id01216\00025.mp4,real
FakeAVCeleb\RealVideo-RealAudio\Caucasian (American)\women\id01217\00005.mp4,real
FakeAVCeleb\RealVideo-RealAudio\Caucasian (American)\women\id01223\00255.mp4,real
FakeAVCeleb\RealVideo-RealAudio\Caucasian (American)\women\id01225\00300.mp4,real
FakeAVCeleb\RealVideo-RealAudio\Caucasian (American)\women\id01227\00052.mp4,real
FakeAVCeleb\RealVideo-RealAudio\Caucasian (American)\women\id01231\00015.mp4,real
FakeAVCeleb\RealVideo-RealAudio\Caucasian (American)\women\id01238\00037.mp4,real
FakeAVCeleb\RealVideo-RealAudio\Caucasian (American)\women\id01245\00028.mp4,real
FakeAVCeleb\RealVideo-RealAudio\Caucasian (American)\women\id01248\00005.mp4,real
FakeAVCeleb\RealVideo-RealAudio\Caucasian (American)\women\id02464\00002.mp4,real
FakeAVCeleb\RealVideo-RealAudio\Caucasian (American)\women\id02466\00136.mp4,real
FakeAVCeleb\RealVideo-RealAudio\Caucasian (American)\women\id03556\00043.mp4,real
FakeAVCeleb\RealVideo-RealAudio\Caucasian (American)\women\id03605\00048.mp4,real
FakeAVCeleb\RealVideo-RealAudio\Caucasian (American)\women\id03696\00160.mp4,real
FakeAVCeleb\RealVideo-RealAudio\Caucasian (American)\women\id03707\00055.mp4,real
FakeAVCeleb\RealVideo-RealAudio\Caucasian (American)\women\id03781\00113.mp4,real
FakeAVCeleb\RealVideo-RealAudio\Asian (East)\men\id00056\00028.mp4,real
FakeAVCeleb\RealVideo-RealAudio\Asian (East)\men\id00126\00173.mp4,real
FakeAVCeleb\RealVideo-RealAudio\Asian (East)\men\id00560\00041.mp4,real
FakeAVCeleb\RealVideo-RealAudio\Asian (East)\men\id00597\00019.mp4,real
FakeAVCeleb\RealVideo-RealAudio\Asian (East)\men\id00740\00015.mp4,real
FakeAVCeleb\RealVideo-RealAudio\Asian (East)\men\id00863\00069.mp4,real
FakeAVCeleb\RealVideo-RealAudio\Asian (East)\men\id01204\00092.mp4,real
FakeAVCeleb\RealVideo-RealAudio\Asian (East)\men\id01212\00183.mp4,real
FakeAVCeleb\RealVideo-RealAudio\Asian (East)\men\id01215\00001.mp4,real
FakeAVCeleb\RealVideo-RealAudio\Asian (East)\men\id01589\00017.mp4,real
FakeAVCeleb\RealVideo-RealAudio\Asian (East)\men\id01683\00052.mp4,real
FakeAVCeleb\RealVideo-RealAudio\Asian (East)\men\id02332\00055.mp4,real
FakeAVCeleb\RealVideo-RealAudio\Asian (East)\men\id02365\00028.mp4,real
FakeAVCeleb\RealVideo-RealAudio\Asian (East)\men\id02493\00073.mp4,real
FakeAVCeleb\RealVideo-RealAudio\Asian (East)\men\id02553\00043.mp4,real
FakeAVCeleb\RealVideo-RealAudio\Asian (East)\men\id02561\02561.mp4,real
FakeAVCeleb\RealVideo-RealAudio\Asian (East)\men\id03028\00466.mp4,real
FakeAVCeleb\RealVideo-RealAudio\Asian (East)\men\id03168\03168.mp4,real
FakeAVCeleb\RealVideo-RealAudio\Asian (East)\men\id03889\00052.mp4,real
FakeAVCeleb\RealVideo-RealAudio\Asian (East)\men\id03965\00051.mp4,real
FakeAVCeleb\RealVideo-RealAudio\Asian (East)\men\id04111\00015.mp4,real
FakeAVCeleb\RealVideo-RealAudio\Asian (East)\men\id04222\00078.mp4,real
FakeAVCeleb\RealVideo-RealAudio\Asian (East)\men\id04687\00066.mp4,real
FakeAVCeleb\RealVideo-RealAudio\Asian (East)\men\id04691\1.mp4,real
FakeAVCeleb\RealVideo-RealAudio\Asian (East)\men\id04726\00245.mp4,real
FakeAVCeleb\RealVideo-RealAudio\Asian (East)\men\id04774\00032.mp4,real
FakeAVCeleb\RealVideo-RealAudio\Asian (East)\men\id04789\002121.mp4,real
FakeAVCeleb\RealVideo-RealAudio\Asian (East)\men\id04884\00028.mp4,real
FakeAVCeleb\RealVideo-RealAudio\Asian (East)\men\id05268\00010.mp4,real
FakeAVCeleb\RealVideo-RealAudio\Asian (East)\men\id05332\00065.mp4,real
FakeAVCeleb\RealVideo-RealAudio\Asian (East)\men\id05383\00015.mp4,real
FakeAVCeleb\RealVideo-RealAudio\Asian (East)\men\id05479\05479.mp4,real
FakeAVCeleb\RealVideo-RealAudio\Asian (East)\men\id05743\00015.mp4,real
FakeAVCeleb\RealVideo-RealAudio\Asian (East)\men\id06152\06152.mp4,real
FakeAVCeleb\RealVideo-RealAudio\Asian (East)\men\id06269\00005.mp4,real
FakeAVCeleb\RealVideo-RealAudio\Asian (East)\men\id06467\00010.mp4,real
FakeAVCeleb\RealVideo-RealAudio\Asian (East)\men\id06470\00052.mp4,real
FakeAVCeleb\RealVideo-RealAudio\Asian (East)\men\id06535\00183.mp4,real
FakeAVCeleb\RealVideo-RealAudio\Asian (East)\men\id06591\00021.mp4,real
FakeAVCeleb\RealVideo-RealAudio\Asian (East)\men\id06594\00002.mp4,real
FakeAVCeleb\RealVideo-RealAudio\Asian (East)\men\id06776\00021.mp4,real
FakeAVCeleb\RealVideo-RealAudio\Asian (East)\men\id06807\00015.mp4,real
FakeAVCeleb\RealVideo-RealAudio\Asian (East)\men\id06878\00001.mp4,real
FakeAVCeleb\RealVideo-RealAudio\Asian (East)\men\id07102\00052.mp4,real
FakeAVCeleb\RealVideo-RealAudio\Asian (East)\men\id07338\00003.mp4,real
FakeAVCeleb\RealVideo-RealAudio\Asian (East)\men\id08299\00110.mp4,real
FakeAVCeleb\RealVideo-RealAudio\Asian (East)\men\id08613\00074.mp4,real
FakeAVCeleb\RealVideo-RealAudio\Asian (East)\men\id08652\00006.mp4,real
FakeAVCeleb\RealVideo-RealAudio\Asian (East)\men\id09053\00005.mp4,real
FakeAVCeleb\RealVideo-RealAudio\Asian (East)\men\id09143\00056.mp4,real
FakeAVCeleb\RealVideo-RealAudio\Asian (East)\women\id00137\00025.mp4,real
FakeAVCeleb\RealVideo-RealAudio\Asian (East)\women\id00363\00014.mp4,real
FakeAVCeleb\RealVideo-RealAudio\Asian (East)\women\id00430\00209.mp4,real
FakeAVCeleb\RealVideo-RealAudio\Asian (East)\women\id00566\00032.mp4,real
FakeAVCeleb\RealVideo-RealAudio\Asian (East)\women\id00579\00030.mp4,real
FakeAVCeleb\RealVideo-RealAudio\Asian (East)\women\id00582\00006.mp4,real
FakeAVCeleb\RealVideo-RealAudio\Asian (East)\women\id00763\00074.mp4,real
FakeAVCeleb\RealVideo-RealAudio\Asian (East)\women\id00935\00005.mp4,real
FakeAVCeleb\RealVideo-RealAudio\Asian (East)\women\id01281\00040.mp4,real
FakeAVCeleb\RealVideo-RealAudio\Asian (East)\women\id01451\00099.mp4,real
FakeAVCeleb\RealVideo-RealAudio\Asian (East)\women\id02587\00020.mp4,real
FakeAVCeleb\RealVideo-RealAudio\Asian (East)\women\id02807\00032.mp4,real
FakeAVCeleb\RealVideo-RealAudio\Asian (East)\women\id03211\00032.mp4,real
FakeAVCeleb\RealVideo-RealAudio\Asian (East)\women\id03379\00032.mp4,real
FakeAVCeleb\RealVideo-RealAudio\Asian (East)\women\id03940\00025.mp4,real
FakeAVCeleb\RealVideo-RealAudio\Asian (East)\women\id04057\00015.mp4,real
FakeAVCeleb\RealVideo-RealAudio\Asian (East)\women\id04066\00013.mp4,real
FakeAVCeleb\RealVideo-RealAudio\Asian (East)\women\id04144\00028.mp4,real
FakeAVCeleb\RealVideo-RealAudio\Asian (East)\women\id04414\00001.mp4,real
FakeAVCeleb\RealVideo-RealAudio\Asian (East)\women\id04701\00017.mp4,real
FakeAVCeleb\RealVideo-RealAudio\Asian (East)\women\id05576\00368.mp4,real
FakeAVCeleb\RealVideo-RealAudio\Asian (East)\women\id05620\00005.mp4,real
FakeAVCeleb\RealVideo-RealAudio\Asian (East)\women\id05631\00073.mp4,real
FakeAVCeleb\RealVideo-RealAudio\Asian (East)\women\id05844\00072.mp4,real
FakeAVCeleb\RealVideo-RealAudio\Asian (East)\women\id06054\00010.mp4,real
FakeAVCeleb\RealVideo-RealAudio\Asian (East)\women\id06060\00219.mp4,real
FakeAVCeleb\RealVideo-RealAudio\Asian (East)\women\id06061\00002.mp4,real
FakeAVCeleb\RealVideo-RealAudio\Asian (East)\women\id06065\00160.mp4,real
FakeAVCeleb\RealVideo-RealAudio\Asian (East)\women\id06066\00028.mp4,real
FakeAVCeleb\RealVideo-RealAudio\Asian (East)\women\id06158\00015.mp4,real
FakeAVCeleb\RealVideo-RealAudio\Asian (East)\women\id06225\00005.mp4,real
FakeAVCeleb\RealVideo-RealAudio\Asian (East)\women\id06388\00005.mp4,real
FakeAVCeleb\RealVideo-RealAudio\Asian (East)\women\id06427\00138.mp4,real
FakeAVCeleb\RealVideo-RealAudio\Asian (East)\women\id06443\00232.mp4,real
FakeAVCeleb\RealVideo-RealAudio\Asian (East)\women\id06462\00014.mp4,real
FakeAVCeleb\RealVideo-RealAudio\Asian (East)\women\id07039\00105.mp4,real
FakeAVCeleb\RealVideo-RealAudio\Asian (East)\women\id07383\00011.mp4,real
FakeAVCeleb\RealVideo-RealAudio\Asian (East)\women\id07739\00019.mp4,real
FakeAVCeleb\RealVideo-RealAudio\Asian (East)\women\id07799\00063.mp4,real
FakeAVCeleb\RealVideo-RealAudio\Asian (East)\women\id07901\00040.mp4,real
FakeAVCeleb\RealVideo-RealAudio\Asian (East)\women\id08139\00067.mp4,real
FakeAVCeleb\RealVideo-RealAudio\Asian (East)\women\id08397\00167.mp4,real
FakeAVCeleb\RealVideo-RealAudio\Asian (East)\women\id08402\00092.mp4,real
FakeAVCeleb\RealVideo-RealAudio\Asian (East)\women\id08819\00052.mp4,real
FakeAVCeleb\RealVideo-RealAudio\Asian (East)\women\id09116\00026.mp4,real
FakeAVCeleb\RealVideo-RealAudio\Asian (East)\women\id09125\00098.mp4,real
FakeAVCeleb\RealVideo-RealAudio\Asian (East)\women\id09171\00092.mp4,real
FakeAVCeleb\RealVideo-RealAudio\Asian (East)\women\id09174\00015.mp4,real
FakeAVCeleb\RealVideo-RealAudio\Asian (East)\women\id09175\00072.mp4,real
FakeAVCeleb\RealVideo-RealAudio\Asian (East)\women\id09181\00048.mp4,real
FakeAVCeleb\RealVideo-RealAudio\Caucasian (European)\men\id00055\00120.mp4,real
FakeAVCeleb\RealVideo-RealAudio\Caucasian (European)\men\id00063\00021.mp4,real
FakeAVCeleb\RealVideo-RealAudio\Caucasian (European)\men\id00171\00092.mp4,real
FakeAVCeleb\RealVideo-RealAudio\Caucasian (European)\men\id00183\00015.mp4,real
FakeAVCeleb\RealVideo-RealAudio\Caucasian (European)\men\id00185\00015.mp4,real
FakeAVCeleb\RealVideo-RealAudio\Caucasian (European)\men\id00186\00120.mp4,real
FakeAVCeleb\RealVideo-RealAudio\Caucasian (European)\men\id00187\00360.mp4,real
FakeAVCeleb\RealVideo-RealAudio\Caucasian (European)\men\id00192\00078.mp4,real
FakeAVCeleb\RealVideo-RealAudio\Caucasian (European)\men\id00225\00078.mp4,real
FakeAVCeleb\RealVideo-RealAudio\Caucasian (European)\men\id00241\00015.mp4,real
FakeAVCeleb\RealVideo-RealAudio\Caucasian (European)\men\id00253\00021.mp4,real
FakeAVCeleb\RealVideo-RealAudio\Caucasian (European)\men\id00265\00130.mp4,real
FakeAVCeleb\RealVideo-RealAudio\Caucasian (European)\men\id00266\00470.mp4,real
FakeAVCeleb\RealVideo-RealAudio\Caucasian (European)\men\id00282\00268.mp4,real
FakeAVCeleb\RealVideo-RealAudio\Caucasian (European)\men\id00292\00072.mp4,real
FakeAVCeleb\RealVideo-RealAudio\Caucasian (European)\men\id00305\00113.mp4,real
FakeAVCeleb\RealVideo-RealAudio\Caucasian (European)\men\id00306\00015.mp4,real
FakeAVCeleb\RealVideo-RealAudio\Caucasian (European)\men\id00358\00217.mp4,real
FakeAVCeleb\RealVideo-RealAudio\Caucasian (European)\men\id00368\00078.mp4,real
FakeAVCeleb\RealVideo-RealAudio\Caucasian (European)\men\id00415\00017.mp4,real
FakeAVCeleb\RealVideo-RealAudio\Caucasian (European)\men\id00498\00014.mp4,real
FakeAVCeleb\RealVideo-RealAudio\Caucasian (European)\men\id00519\00028.mp4,real
FakeAVCeleb\RealVideo-RealAudio\Caucasian (European)\men\id00520\00187.mp4,real
FakeAVCeleb\RealVideo-RealAudio\Caucasian (European)\men\id00535\00005.mp4,real
FakeAVCeleb\RealVideo-RealAudio\Caucasian (European)\men\id00548\00015.mp4,real
FakeAVCeleb\RealVideo-RealAudio\Caucasian (European)\men\id00554\00028.mp4,real
FakeAVCeleb\RealVideo-RealAudio\Caucasian (European)\men\id00559\00078.mp4,real
FakeAVCeleb\RealVideo-RealAudio\Caucasian (European)\men\id00594\00005.mp4,real
FakeAVCeleb\RealVideo-RealAudio\Caucasian (European)\men\id00694\00340.mp4,real
FakeAVCeleb\RealVideo-RealAudio\Caucasian (European)\men\id00709\00206.mp4,real
FakeAVCeleb\RealVideo-RealAudio\Caucasian (European)\men\id00909\00037.mp4,real
FakeAVCeleb\RealVideo-RealAudio\Caucasian (European)\men\id00919\00063.mp4,real
FakeAVCeleb\RealVideo-RealAudio\Caucasian (European)\men\id00946\00126.mp4,real
FakeAVCeleb\RealVideo-RealAudio\Caucasian (European)\men\id00963\00028.mp4,real
FakeAVCeleb\RealVideo-RealAudio\Caucasian (European)\men\id00981\00092.mp4,real
FakeAVCeleb\RealVideo-RealAudio\Caucasian (European)\men\id00990\00160.mp4,real
FakeAVCeleb\RealVideo-RealAudio\Caucasian (European)\men\id00999\00028.mp4,real
FakeAVCeleb\RealVideo-RealAudio\Caucasian (European)\men\id01051\00322.mp4,real
FakeAVCeleb\RealVideo-RealAudio\Caucasian (European)\men\id01052\00076.mp4,real
FakeAVCeleb\RealVideo-RealAudio\Caucasian (European)\men\id01058\00005.mp4,real
FakeAVCeleb\RealVideo-RealAudio\Caucasian (European)\men\id01098\00044.mp4,real
FakeAVCeleb\RealVideo-RealAudio\Caucasian (European)\men\id01099\00206.mp4,real
FakeAVCeleb\RealVideo-RealAudio\Caucasian (European)\men\id01102\00197.mp4,real
FakeAVCeleb\RealVideo-RealAudio\Caucasian (European)\men\id01123\00072.mp4,real
FakeAVCeleb\RealVideo-RealAudio\Caucasian (European)\men\id01126\00040.mp4,real
FakeAVCeleb\RealVideo-RealAudio\Caucasian (European)\men\id01154\00118.mp4,real
FakeAVCeleb\RealVideo-RealAudio\Caucasian (European)\men\id01156\00078.mp4,real
FakeAVCeleb\RealVideo-RealAudio\Caucasian (European)\men\id01157\00048.mp4,real
FakeAVCeleb\RealVideo-RealAudio\Caucasian (European)\men\id02567\00040.mp4,real
FakeAVCeleb\RealVideo-RealAudio\Caucasian (European)\men\id03205\00150.mp4,real
FakeAVCeleb\RealVideo-RealAudio\Caucasian (European)\women\id00042\00028.mp4,real
FakeAVCeleb\RealVideo-RealAudio\Caucasian (European)\women\id00068\00004.mp4,real
FakeAVCeleb\RealVideo-RealAudio\Caucasian (European)\women\id00071\00014.mp4,real
FakeAVCeleb\RealVideo-RealAudio\Caucasian (European)\women\id00188\00020.mp4,real
FakeAVCeleb\RealVideo-RealAudio\Caucasian (European)\women\id00232\00025.mp4,real
FakeAVCeleb\RealVideo-RealAudio\Caucasian (European)\women\id00234\00063.mp4,real
FakeAVCeleb\RealVideo-RealAudio\Caucasian (European)\women\id00262\00028.mp4,real
FakeAVCeleb\RealVideo-RealAudio\Caucasian (European)\women\id00270\00088.mp4,real
FakeAVCeleb\RealVideo-RealAudio\Caucasian (European)\women\id00271\00028.mp4,real
FakeAVCeleb\RealVideo-RealAudio\Caucasian (European)\women\id00287\00005.mp4,real
FakeAVCeleb\RealVideo-RealAudio\Caucasian (European)\women\id00325\00015.mp4,real
FakeAVCeleb\RealVideo-RealAudio\Caucasian (European)\women\id00328\00092.mp4,real
FakeAVCeleb\RealVideo-RealAudio\Caucasian (European)\women\id00330\00118.mp4,real
FakeAVCeleb\RealVideo-RealAudio\Caucasian (European)\women\id00332\00293.mp4,real
FakeAVCeleb\RealVideo-RealAudio\Caucasian (European)\women\id00365\00078.mp4,real
FakeAVCeleb\RealVideo-RealAudio\Caucasian (European)\women\id00373\00028.mp4,real
FakeAVCeleb\RealVideo-RealAudio\Caucasian (European)\women\id00374\00311.mp4,real
FakeAVCeleb\RealVideo-RealAudio\Caucasian (European)\women\id00379\00043.mp4,real
FakeAVCeleb\RealVideo-RealAudio\Caucasian (European)\women\id00395\00420.mp4,real
FakeAVCeleb\RealVideo-RealAudio\Caucasian (European)\women\id00403\00052.mp4,real
FakeAVCeleb\RealVideo-RealAudio\Caucasian (European)\women\id00434\00046.mp4,real
FakeAVCeleb\RealVideo-RealAudio\Caucasian (European)\women\id00484\00202.mp4,real
FakeAVCeleb\RealVideo-RealAudio\Caucasian (European)\women\id00491\00122.mp4,real
FakeAVCeleb\RealVideo-RealAudio\Caucasian (European)\women\id00495\00027.mp4,real
FakeAVCeleb\RealVideo-RealAudio\Caucasian (European)\women\id00496\00015.mp4,real
FakeAVCeleb\RealVideo-RealAudio\Caucasian (European)\women\id00569\00239.mp4,real
FakeAVCeleb\RealVideo-RealAudio\Caucasian (European)\women\id00581\00010.mp4,real
FakeAVCeleb\RealVideo-RealAudio\Caucasian (European)\women\id00589\00130.mp4,real
FakeAVCeleb\RealVideo-RealAudio\Caucasian (European)\women\id00591\00001.mp4,real
FakeAVCeleb\RealVideo-RealAudio\Caucasian (European)\women\id00633\00088.mp4,real
FakeAVCeleb\RealVideo-RealAudio\Caucasian (European)\women\id00634\00078.mp4,real
FakeAVCeleb\RealVideo-RealAudio\Caucasian (European)\women\id00735\00037.mp4,real
FakeAVCeleb\RealVideo-RealAudio\Caucasian (European)\women\id00806\00005.mp4,real
FakeAVCeleb\RealVideo-RealAudio\Caucasian (European)\women\id00813\00169.mp4,real
FakeAVCeleb\RealVideo-RealAudio\Caucasian (European)\women\id00823\00125.mp4,real
FakeAVCeleb\RealVideo-RealAudio\Caucasian (European)\women\id00826\00065.mp4,real
FakeAVCeleb\RealVideo-RealAudio\Caucasian (European)\women\id00897\00005.mp4,real
FakeAVCeleb\RealVideo-RealAudio\Caucasian (European)\women\id01001\00086.mp4,real
FakeAVCeleb\RealVideo-RealAudio\Caucasian (European)\women\id01002\00043.mp4,real
FakeAVCeleb\RealVideo-RealAudio\Caucasian (European)\women\id01018\00072.mp4,real
FakeAVCeleb\RealVideo-RealAudio\Caucasian (European)\women\id03371\00430.mp4,real
FakeAVCeleb\RealVideo-RealAudio\Caucasian (European)\women\id03589\00002.mp4,real
FakeAVCeleb\RealVideo-RealAudio\Caucasian (European)\women\id03620\00081.mp4,real
FakeAVCeleb\RealVideo-RealAudio\Caucasian (European)\women\id03649\00001.mp4,real
FakeAVCeleb\RealVideo-RealAudio\Caucasian (European)\women\id03651\00092.mp4,real
FakeAVCeleb\RealVideo-RealAudio\Caucasian (European)\women\id03716\00040.mp4,real
FakeAVCeleb\RealVideo-RealAudio\Caucasian (European)\women\id03816\00093.mp4,real
FakeAVCeleb\RealVideo-RealAudio\Caucasian (European)\women\id03844\00028.mp4,real
FakeAVCeleb\RealVideo-RealAudio\Caucasian (European)\women\id03858\00092.mp4,real
FakeAVCeleb\RealVideo-RealAudio\Caucasian (European)\women\id03941\00021.mp4,real
FakeAVCeleb\RealVideo-RealAudio\Asian (South)\men\id00032\00028.mp4,real
FakeAVCeleb\RealVideo-RealAudio\Asian (South)\men\id00033\00276.mp4,real
FakeAVCeleb\RealVideo-RealAudio\Asian (South)\men\id00078\00114.mp4,real
FakeAVCeleb\RealVideo-RealAudio\Asian (South)\men\id00082\00052.mp4,real
FakeAVCeleb\RealVideo-RealAudio\Asian (South)\men\id00103\00241.mp4,real
FakeAVCeleb\RealVideo-RealAudio\Asian (South)\men\id00350\00015.mp4,real
FakeAVCeleb\RealVideo-RealAudio\Asian (South)\men\id00414\00052.mp4,real
FakeAVCeleb\RealVideo-RealAudio\Asian (South)\men\id00459\00382.mp4,real
FakeAVCeleb\RealVideo-RealAudio\Asian (South)\men\id00685\00146.mp4,real
FakeAVCeleb\RealVideo-RealAudio\Asian (South)\men\id00732\00118.mp4,real
FakeAVCeleb\RealVideo-RealAudio\Asian (South)\men\id00745\00165.mp4,real
FakeAVCeleb\RealVideo-RealAudio\Asian (South)\men\id00769\00015.mp4,real
FakeAVCeleb\RealVideo-RealAudio\Asian (South)\men\id00773\00038.mp4,real
FakeAVCeleb\RealVideo-RealAudio\Asian (South)\men\id00816\00118.mp4,real
FakeAVCeleb\RealVideo-RealAudio\Asian (South)\men\id00857\00347.mp4,real
FakeAVCeleb\RealVideo-RealAudio\Asian (South)\men\id00860\00154.mp4,real
FakeAVCeleb\RealVideo-RealAudio\Asian (South)\men\id03180\00039.mp4,real
FakeAVCeleb\RealVideo-RealAudio\Asian (South)\men\id03344\00114.mp4,real
FakeAVCeleb\RealVideo-RealAudio\Asian (South)\men\id03599\00072.mp4,real
FakeAVCeleb\RealVideo-RealAudio\Asian (South)\men\id03945\00063.mp4,real
FakeAVCeleb\RealVideo-RealAudio\Asian (South)\men\id04526\00317.mp4,real
FakeAVCeleb\RealVideo-RealAudio\Asian (South)\men\id04537\00083.mp4,real
FakeAVCeleb\RealVideo-RealAudio\Asian (South)\men\id04554\00118.mp4,real
FakeAVCeleb\RealVideo-RealAudio\Asian (South)\men\id04560\00195.mp4,real
FakeAVCeleb\RealVideo-RealAudio\Asian (South)\men\id04561\00248.mp4,real
FakeAVCeleb\RealVideo-RealAudio\Asian (South)\men\id04562\00221.mp4,real
FakeAVCeleb\RealVideo-RealAudio\Asian (South)\men\id04599\00111.mp4,real
FakeAVCeleb\RealVideo-RealAudio\Asian (South)\men\id04601\00118.mp4,real
FakeAVCeleb\RealVideo-RealAudio\Asian (South)\men\id04928\00027.mp4,real
FakeAVCeleb\RealVideo-RealAudio\Asian (South)\men\id06334\00015.mp4,real
FakeAVCeleb\RealVideo-RealAudio\Asian (South)\men\id06354\00021.mp4,real
FakeAVCeleb\RealVideo-RealAudio\Asian (South)\men\id06355\00347.mp4,real
FakeAVCeleb\RealVideo-RealAudio\Asian (South)\men\id06753\00021.mp4,real
FakeAVCeleb\RealVideo-RealAudio\Asian (South)\men\id07058\00010.mp4,real
FakeAVCeleb\RealVideo-RealAudio\Asian (South)\men\id07108\00412.mp4,real
FakeAVCeleb\RealVideo-RealAudio\Asian (South)\men\id07161\00159.mp4,real
FakeAVCeleb\RealVideo-RealAudio\Asian (South)\men\id07163\00141.mp4,real
FakeAVCeleb\RealVideo-RealAudio\Asian (South)\men\id07165\00368.mp4,real
FakeAVCeleb\RealVideo-RealAudio\Asian (South)\men\id07179\00206.mp4,real
FakeAVCeleb\RealVideo-RealAudio\Asian (South)\men\id07182\00040.mp4,real
FakeAVCeleb\RealVideo-RealAudio\Asian (South)\men\id07194\00014.mp4,real
FakeAVCeleb\RealVideo-RealAudio\Asian (South)\men\id07195\00186.mp4,real
FakeAVCeleb\RealVideo-RealAudio\Asian (South)\men\id07200\00045.mp4,real
FakeAVCeleb\RealVideo-RealAudio\Asian (South)\men\id07210\00005.mp4,real
FakeAVCeleb\RealVideo-RealAudio\Asian (South)\men\id07233\00010.mp4,real
FakeAVCeleb\RealVideo-RealAudio\Asian (South)\men\id07463\00028.mp4,real
FakeAVCeleb\RealVideo-RealAudio\Asian (South)\men\id07768\00143.mp4,real
FakeAVCeleb\RealVideo-RealAudio\Asian (South)\men\id08313\00202.mp4,real
FakeAVCeleb\RealVideo-RealAudio\Asian (South)\men\id08314\00028.mp4,real
FakeAVCeleb\RealVideo-RealAudio\Asian (South)\men\id08457\00417.mp4,real
FakeAVCeleb\RealVideo-RealAudio\Asian (South)\women\id00043\00135.mp4,real
FakeAVCeleb\RealVideo-RealAudio\Asian (South)\women\id00080\00281.mp4,real
FakeAVCeleb\RealVideo-RealAudio\Asian (South)\women\id00149\00284.mp4,real
FakeAVCeleb\RealVideo-RealAudio\Asian (South)\women\id00235\00052.mp4,real
FakeAVCeleb\RealVideo-RealAudio\Asian (South)\women\id00417\00069.mp4,real
FakeAVCeleb\RealVideo-RealAudio\Asian (South)\women\id00461\00043.mp4,real
FakeAVCeleb\RealVideo-RealAudio\Asian (South)\women\id00488\00028.mp4,real
FakeAVCeleb\RealVideo-RealAudio\Asian (South)\women\id00739\00005.mp4,real
FakeAVCeleb\RealVideo-RealAudio\Asian (South)\women\id00747\00053.mp4,real
FakeAVCeleb\RealVideo-RealAudio\Asian (South)\women\id01026\00083.mp4,real
FakeAVCeleb\RealVideo-RealAudio\Asian (South)\women\id02089\00092.mp4,real
FakeAVCeleb\RealVideo-RealAudio\Asian (South)\women\id02310\00139.mp4,real
FakeAVCeleb\RealVideo-RealAudio\Asian (South)\women\id02619\00015.mp4,real
FakeAVCeleb\RealVideo-RealAudio\Asian (South)\women\id03559\00023.mp4,real
FakeAVCeleb\RealVideo-RealAudio\Asian (South)\women\id03815\00118.mp4,real
FakeAVCeleb\RealVideo-RealAudio\Asian (South)\women\id03897\00021.mp4,real
FakeAVCeleb\RealVideo-RealAudio\Asian (South)\women\id03985\00005.mp4,real
FakeAVCeleb\RealVideo-RealAudio\Asian (South)\women\id04070\00072.mp4,real
FakeAVCeleb\RealVideo-RealAudio\Asian (South)\women\id04490\00054.mp4,real
FakeAVCeleb\RealVideo-RealAudio\Asian (South)\women\id04529\00186.mp4,real
FakeAVCeleb\RealVideo-RealAudio\Asian (South)\women\id04530\00231.mp4,real
FakeAVCeleb\RealVideo-RealAudio\Asian (South)\women\id04564\00417.mp4,real
FakeAVCeleb\RealVideo-RealAudio\Asian (South)\women\id04582\00180.mp4,real
FakeAVCeleb\RealVideo-RealAudio\Asian (South)\women\id04583\00077.mp4,real
FakeAVCeleb\RealVideo-RealAudio\Asian (South)\women\id04927\00013.mp4,real
FakeAVCeleb\RealVideo-RealAudio\Asian (South)\women\id05434\00052.mp4,real
FakeAVCeleb\RealVideo-RealAudio\Asian (South)\women\id05435\00107.mp4,real
FakeAVCeleb\RealVideo-RealAudio\Asian (South)\women\id05478\00135.mp4,real
FakeAVCeleb\RealVideo-RealAudio\Asian (South)\women\id05845\00027.mp4,real
FakeAVCeleb\RealVideo-RealAudio\Asian (South)\women\id05920\00161.mp4,real
FakeAVCeleb\RealVideo-RealAudio\Asian (South)\women\id05931\00013.mp4,real
FakeAVCeleb\RealVideo-RealAudio\Asian (South)\women\id06232\00025.mp4,real
FakeAVCeleb\RealVideo-RealAudio\Asian (South)\women\id06254\00043.mp4,real
FakeAVCeleb\RealVideo-RealAudio\Asian (South)\women\id06268\00159.mp4,real
FakeAVCeleb\RealVideo-RealAudio\Asian (South)\women\id06343\00023.mp4,real
FakeAVCeleb\RealVideo-RealAudio\Asian (South)\women\id06428\00043.mp4,real
FakeAVCeleb\RealVideo-RealAudio\Asian (South)\women\id06437\00028.mp4,real
FakeAVCeleb\RealVideo-RealAudio\Asian (South)\women\id06438\00110.mp4,real
FakeAVCeleb\RealVideo-RealAudio\Asian (South)\women\id06439\00118.mp4,real
FakeAVCeleb\RealVideo-RealAudio\Asian (South)\women\id06445\00150.mp4,real
FakeAVCeleb\RealVideo-RealAudio\Asian (South)\women\id06752\00221.mp4,real
FakeAVCeleb\RealVideo-RealAudio\Asian (South)\women\id07008\00175.mp4,real
FakeAVCeleb\RealVideo-RealAudio\Asian (South)\women\id07049\00043.mp4,real
FakeAVCeleb\RealVideo-RealAudio\Asian (South)\women\id07051\00083.mp4,real
FakeAVCeleb\RealVideo-RealAudio\Asian (South)\women\id07078\00405.mp4,real
FakeAVCeleb\RealVideo-RealAudio\Asian (South)\women\id07136\00052.mp4,real
FakeAVCeleb\RealVideo-RealAudio\Asian (South)\women\id07236\00143.mp4,real
FakeAVCeleb\RealVideo-RealAudio\Asian (South)\women\id07377\00025.mp4,real
FakeAVCeleb\RealVideo-RealAudio\Asian (South)\women\id07686\00254.mp4,real
FakeAVCeleb\RealVideo-RealAudio\Asian (South)\women\id07689\00028.mp4,real
FakeAVCeleb\FakeVideo-FakeAudio\African\men\id00076\00109_10_id00476_wavtolip.mp4,fake
FakeAVCeleb\FakeVideo-FakeAudio\African\men\id00076\00109_10_id01076_wavtolip.mp4,fake
FakeAVCeleb\FakeVideo-FakeAudio\African\men\id00076\00109_10_id01179_wavtolip.mp4,fake
FakeAVCeleb\FakeVideo-FakeAudio\African\men\id00076\00109_10_id02005_wavtolip.mp4,fake
FakeAVCeleb\FakeVideo-FakeAudio\African\men\id00076\00109_10_id02342_wavtolip.mp4,fake
FakeAVCeleb\FakeVideo-FakeAudio\African\men\id00076\00109_12_id00518_wavtolip.mp4,fake
FakeAVCeleb\FakeVideo-FakeAudio\African\men\id00076\00109_12_id00761_wavtolip.mp4,fake
FakeAVCeleb\FakeVideo-FakeAudio\African\men\id00076\00109_12_id00987_wavtolip.mp4,fake
FakeAVCeleb\FakeVideo-FakeAudio\African\men\id00076\00109_12_id01856_wavtolip.mp4,fake
FakeAVCeleb\FakeVideo-FakeAudio\African\men\id00076\00109_12_id02296_wavtolip.mp4,fake
FakeAVCeleb\FakeVideo-FakeAudio\African\men\id00076\00109_2_id00166_wavtolip.mp4,fake
FakeAVCeleb\FakeVideo-FakeAudio\African\men\id00076\00109_2_id00701_wavtolip.mp4,fake
FakeAVCeleb\FakeVideo-FakeAudio\African\men\id00076\00109_2_id01236_wavtolip.mp4,fake
FakeAVCeleb\FakeVideo-FakeAudio\African\men\id00076\00109_2_id01521_wavtolip.mp4,fake
FakeAVCeleb\FakeVideo-FakeAudio\African\men\id00076\00109_2_id01598_wavtolip.mp4,fake
FakeAVCeleb\FakeVideo-FakeAudio\African\men\id00076\00109_4_id01392_wavtolip.mp4,fake
FakeAVCeleb\FakeVideo-FakeAudio\African\men\id00076\00109_4_id01528_wavtolip.mp4,fake
FakeAVCeleb\FakeVideo-FakeAudio\African\men\id00076\00109_4_id01691_wavtolip.mp4,fake
FakeAVCeleb\FakeVideo-FakeAudio\African\men\id00076\00109_4_id01995_wavtolip.mp4,fake
FakeAVCeleb\FakeVideo-FakeAudio\African\men\id00076\00109_4_id02296_wavtolip.mp4,fake
FakeAVCeleb\FakeVideo-FakeAudio\African\men\id00076\00109_7_id00166_wavtolip.mp4,fake
FakeAVCeleb\FakeVideo-FakeAudio\African\men\id00076\00109_7_id00478_wavtolip.mp4,fake
FakeAVCeleb\FakeVideo-FakeAudio\African\men\id00076\00109_7_id01452_wavtolip.mp4,fake
FakeAVCeleb\FakeVideo-FakeAudio\African\men\id00076\00109_7_id01717_wavtolip.mp4,fake
FakeAVCeleb\FakeVideo-FakeAudio\African\men\id00076\00109_7_id01995_wavtolip.mp4,fake
FakeAVCeleb\FakeVideo-FakeAudio\African\men\id00076\00109_8_id00166_wavtolip.mp4,fake
FakeAVCeleb\FakeVideo-FakeAudio\African\men\id00076\00109_8_id00701_wavtolip.mp4,fake
FakeAVCeleb\FakeVideo-FakeAudio\African\men\id00076\00109_8_id00761_wavtolip.mp4,fake
FakeAVCeleb\FakeVideo-FakeAudio\African\men\id00076\00109_8_id01170_wavtolip.mp4,fake
FakeAVCeleb\FakeVideo-FakeAudio\African\men\id00076\00109_8_id02005_wavtolip.mp4,fake
FakeAVCeleb\FakeVideo-FakeAudio\African\men\id00076\00109_9_id00076_wavtolip.mp4,fake
FakeAVCeleb\FakeVideo-FakeAudio\African\men\id00076\00109_9_id01036_wavtolip.mp4,fake
FakeAVCeleb\FakeVideo-FakeAudio\African\men\id00076\00109_9_id01452_wavtolip.mp4,fake
FakeAVCeleb\FakeVideo-FakeAudio\African\men\id00076\00109_9_id01528_wavtolip.mp4,fake
FakeAVCeleb\FakeVideo-FakeAudio\African\men\id00076\00109_9_id02005_wavtolip.mp4,fake
FakeAVCeleb\FakeVideo-FakeAudio\African\men\id00166\00010_id01637_5VjcPZm8knM_faceswap_id00166_wavtolip.mp4,fake
FakeAVCeleb\FakeVideo-FakeAudio\African\men\id00166\00010_id01637_5VjcPZm8knM_faceswap_id00761_wavtolip.mp4,fake
FakeAVCeleb\FakeVideo-FakeAudio\African\men\id00166\00010_id01637_5VjcPZm8knM_faceswap_id01171_wavtolip.mp4,fake
FakeAVCeleb\FakeVideo-FakeAudio\African\men\id00166\00010_id01637_5VjcPZm8knM_faceswap_id01530_wavtolip.mp4,fake
FakeAVCeleb\FakeVideo-FakeAudio\African\men\id00166\00010_id01637_5VjcPZm8knM_faceswap_id01598_wavtolip.mp4,fake
FakeAVCeleb\FakeVideo-FakeAudio\African\men\id00173\00118_id00476_UgdYVJ6xPYg_faceswap_id00166_wavtolip.mp4,fake
FakeAVCeleb\FakeVideo-FakeAudio\African\men\id00173\00118_id00476_UgdYVJ6xPYg_faceswap_id00173_wavtolip.mp4,fake
FakeAVCeleb\FakeVideo-FakeAudio\African\men\id00173\00118_id00476_UgdYVJ6xPYg_faceswap_id01530_wavtolip.mp4,fake
FakeAVCeleb\FakeVideo-FakeAudio\African\men\id00173\00118_id00476_UgdYVJ6xPYg_faceswap_id01598_wavtolip.mp4,fake
FakeAVCeleb\FakeVideo-FakeAudio\African\men\id00173\00118_id00476_UgdYVJ6xPYg_faceswap_id01779_wavtolip.mp4,fake
FakeAVCeleb\FakeVideo-FakeAudio\African\men\id00366\00118_id00076_Isiq7cA-DNE_faceswap_id01170_wavtolip.mp4,fake
FakeAVCeleb\FakeVideo-FakeAudio\African\men\id00366\00118_id00076_Isiq7cA-DNE_faceswap_id01779_wavtolip.mp4,fake
FakeAVCeleb\FakeVideo-FakeAudio\African\men\id00366\00118_id00076_Isiq7cA-DNE_faceswap_id02316_wavtolip.mp4,fake
FakeAVCeleb\FakeVideo-FakeAudio\African\men\id00366\00118_id00076_Isiq7cA-DNE_faceswap_id02342_wavtolip.mp4,fake
FakeAVCeleb\FakeVideo-FakeAudio\African\men\id00366\00118_id00076_Isiq7cA-DNE_faceswap_id02494_wavtolip.mp4,fake
FakeAVCeleb\FakeVideo-FakeAudio\African\men\id00391\00052_id00476_UgdYVJ6xPYg_faceswap_id00761_wavtolip.mp4,fake
FakeAVCeleb\FakeVideo-FakeAudio\African\men\id00391\00052_id00476_UgdYVJ6xPYg_faceswap_id01179_wavtolip.mp4,fake
FakeAVCeleb\FakeVideo-FakeAudio\African\men\id00391\00052_id00476_UgdYVJ6xPYg_faceswap_id01610_wavtolip.mp4,fake
FakeAVCeleb\FakeVideo-FakeAudio\African\men\id00391\00052_id00476_UgdYVJ6xPYg_faceswap_id02005_wavtolip.mp4,fake
FakeAVCeleb\FakeVideo-FakeAudio\African\men\id00391\00052_id00476_UgdYVJ6xPYg_faceswap_id02342_wavtolip.mp4,fake
FakeAVCeleb\FakeVideo-FakeAudio\African\men\id00475\00099_0_id01530_wavtolip.mp4,fake
FakeAVCeleb\FakeVideo-FakeAudio\African\men\id00475\00099_0_id01920_wavtolip.mp4,fake
FakeAVCeleb\FakeVideo-FakeAudio\African\men\id00475\00099_0_id01972_wavtolip.mp4,fake
FakeAVCeleb\FakeVideo-FakeAudio\African\men\id00475\00099_0_id02316_wavtolip.mp4,fake
FakeAVCeleb\FakeVideo-FakeAudio\African\men\id00475\00099_0_id04727_wavtolip.mp4,fake
FakeAVCeleb\FakeVideo-FakeAudio\African\men\id00476\00109_id00476_UgdYVJ6xPYg_faceswap_id00076_wavtolip.mp4,fake
FakeAVCeleb\FakeVideo-FakeAudio\African\men\id00476\00109_id00476_UgdYVJ6xPYg_faceswap_id00761_wavtolip.mp4,fake
FakeAVCeleb\FakeVideo-FakeAudio\African\men\id00476\00109_id00476_UgdYVJ6xPYg_faceswap_id00781_wavtolip.mp4,fake
FakeAVCeleb\FakeVideo-FakeAudio\African\men\id00476\00109_id00476_UgdYVJ6xPYg_faceswap_id00830_wavtolip.mp4,fake
FakeAVCeleb\FakeVideo-FakeAudio\African\men\id00476\00109_id00476_UgdYVJ6xPYg_faceswap_id01207_wavtolip.mp4,fake
FakeAVCeleb\FakeVideo-FakeAudio\African\men\id00476\00109_id00781_fvsSae9yc0A_faceswap_id00476_wavtolip.mp4,fake
FakeAVCeleb\FakeVideo-FakeAudio\African\men\id00476\00109_id00781_fvsSae9yc0A_faceswap_id00944_wavtolip.mp4,fake
FakeAVCeleb\FakeVideo-FakeAudio\African\men\id00476\00109_id00781_fvsSae9yc0A_faceswap_id01597_wavtolip.mp4,fake
FakeAVCeleb\FakeVideo-FakeAudio\African\men\id00476\00109_id00781_fvsSae9yc0A_faceswap_id01691_wavtolip.mp4,fake
FakeAVCeleb\FakeVideo-FakeAudio\African\men\id00476\00109_id00781_fvsSae9yc0A_faceswap_id04727_wavtolip.mp4,fake
FakeAVCeleb\FakeVideo-FakeAudio\African\men\id00478\00109_11_id00478_wavtolip.mp4,fake
FakeAVCeleb\FakeVideo-FakeAudio\African\men\id00478\00109_11_id01610_wavtolip.mp4,fake
FakeAVCeleb\FakeVideo-FakeAudio\African\men\id00478\00109_11_id01856_wavtolip.mp4,fake
FakeAVCeleb\FakeVideo-FakeAudio\African\men\id00478\00109_11_id02005_wavtolip.mp4,fake
FakeAVCeleb\FakeVideo-FakeAudio\African\men\id00478\00109_11_id02342_wavtolip.mp4,fake
FakeAVCeleb\FakeVideo-FakeAudio\African\men\id00518\00031_0_id00166_wavtolip.mp4,fake
FakeAVCeleb\FakeVideo-FakeAudio\African\men\id00518\00031_0_id00391_wavtolip.mp4,fake
FakeAVCeleb\FakeVideo-FakeAudio\African\men\id00518\00031_0_id00830_wavtolip.mp4,fake
FakeAVCeleb\FakeVideo-FakeAudio\African\men\id00518\00031_0_id01170_wavtolip.mp4,fake
FakeAVCeleb\FakeVideo-FakeAudio\African\men\id00518\00031_0_id02268_wavtolip.mp4,fake
FakeAVCeleb\FakeVideo-FakeAudio\African\men\id00518\00031_1_id00478_wavtolip.mp4,fake
FakeAVCeleb\FakeVideo-FakeAudio\African\men\id00518\00031_1_id00987_wavtolip.mp4,fake
FakeAVCeleb\FakeVideo-FakeAudio\African\men\id00518\00031_1_id01076_wavtolip.mp4,fake
FakeAVCeleb\FakeVideo-FakeAudio\African\men\id00518\00031_1_id01207_wavtolip.mp4,fake
FakeAVCeleb\FakeVideo-FakeAudio\African\men\id00518\00031_1_id02494_wavtolip.mp4,fake
FakeAVCeleb\FakeVideo-FakeAudio\African\men\id00518\00031_2_id01544_wavtolip.mp4,fake
FakeAVCeleb\FakeVideo-FakeAudio\African\men\id00518\00031_2_id01598_wavtolip.mp4,fake
FakeAVCeleb\FakeVideo-FakeAudio\African\men\id00518\00031_2_id01717_wavtolip.mp4,fake
FakeAVCeleb\FakeVideo-FakeAudio\African\men\id00518\00031_2_id01835_wavtolip.mp4,fake
FakeAVCeleb\FakeVideo-FakeAudio\African\men\id00518\00031_2_id02296_wavtolip.mp4,fake
FakeAVCeleb\FakeVideo-FakeAudio\African\men\id00518\00031_3_id00475_wavtolip.mp4,fake
FakeAVCeleb\FakeVideo-FakeAudio\African\men\id00518\00031_3_id01528_wavtolip.mp4,fake
FakeAVCeleb\FakeVideo-FakeAudio\African\men\id00518\00031_3_id01691_wavtolip.mp4,fake
FakeAVCeleb\FakeVideo-FakeAudio\African\men\id00518\00031_3_id02040_wavtolip.mp4,fake
FakeAVCeleb\FakeVideo-FakeAudio\African\men\id00518\00031_3_id02268_wavtolip.mp4,fake
FakeAVCeleb\FakeVideo-FakeAudio\African\men\id00701\00092_id01036_AohKaMtIHxA_faceswap_id00391_wavtolip.mp4,fake
FakeAVCeleb\FakeVideo-FakeAudio\African\men\id00701\00092_id01036_AohKaMtIHxA_faceswap_id01392_wavtolip.mp4,fake
FakeAVCeleb\FakeVideo-FakeAudio\African\men\id00701\00092_id01036_AohKaMtIHxA_faceswap_id01528_wavtolip.mp4,fake
FakeAVCeleb\FakeVideo-FakeAudio\African\men\id00701\00092_id01036_AohKaMtIHxA_faceswap_id01610_wavtolip.mp4,fake
FakeAVCeleb\FakeVideo-FakeAudio\African\men\id00701\00092_id01036_AohKaMtIHxA_faceswap_id01972_wavtolip.mp4,fake
FakeAVCeleb\FakeVideo-FakeAudio\African\men\id00761\00072_id01835_UZbWA0QfXXA_faceswap_id00478_wavtolip.mp4,fake
FakeAVCeleb\FakeVideo-FakeAudio\African\men\id00761\00072_id01835_UZbWA0QfXXA_faceswap_id00761_wavtolip.mp4,fake
FakeAVCeleb\FakeVideo-FakeAudio\African\men\id00761\00072_id01835_UZbWA0QfXXA_faceswap_id01036_wavtolip.mp4,fake
FakeAVCeleb\FakeVideo-FakeAudio\African\men\id00761\00072_id01835_UZbWA0QfXXA_faceswap_id01528_wavtolip.mp4,fake
FakeAVCeleb\FakeVideo-FakeAudio\African\men\id00761\00072_id01835_UZbWA0QfXXA_faceswap_id01717_wavtolip.mp4,fake
FakeAVCeleb\FakeVideo-FakeAudio\African\men\id00781\00092_id00476_UgdYVJ6xPYg_faceswap_id01170_wavtolip.mp4,fake
FakeAVCeleb\FakeVideo-FakeAudio\African\men\id00781\00092_id00476_UgdYVJ6xPYg_faceswap_id01610_wavtolip.mp4,fake
FakeAVCeleb\FakeVideo-FakeAudio\African\men\id00781\00092_id00476_UgdYVJ6xPYg_faceswap_id01972_wavtolip.mp4,fake
FakeAVCeleb\FakeVideo-FakeAudio\African\men\id00781\00092_id00476_UgdYVJ6xPYg_faceswap_id01995_wavtolip.mp4,fake
FakeAVCeleb\FakeVideo-FakeAudio\African\men\id00781\00092_id00476_UgdYVJ6xPYg_faceswap_id02494_wavtolip.mp4,fake
FakeAVCeleb\FakeVideo-FakeAudio\African\men\id00830\00143_id00076_Isiq7cA-DNE_faceswap_id00478_wavtolip.mp4,fake
FakeAVCeleb\FakeVideo-FakeAudio\African\men\id00830\00143_id00076_Isiq7cA-DNE_faceswap_id01207_wavtolip.mp4,fake
FakeAVCeleb\FakeVideo-FakeAudio\African\men\id00830\00143_id00076_Isiq7cA-DNE_faceswap_id01544_wavtolip.mp4,fake
FakeAVCeleb\FakeVideo-FakeAudio\African\men\id00830\00143_id00076_Isiq7cA-DNE_faceswap_id01920_wavtolip.mp4,fake
FakeAVCeleb\FakeVideo-FakeAudio\African\men\id00944\00135_id01528_SBAS9Kcb8QY_faceswap_id01179_wavtolip.mp4,fake
FakeAVCeleb\FakeVideo-FakeAudio\African\men\id00987\00160_id02005_7_Egh9mW5y4_faceswap_id01236_wavtolip.mp4,fake
FakeAVCeleb\FakeVideo-FakeAudio\African\men\id00987\00160_id02005_7_Egh9mW5y4_faceswap_id01528_wavtolip.mp4,fake
FakeAVCeleb\FakeVideo-FakeAudio\African\men\id00987\00160_id02005_7_Egh9mW5y4_faceswap_id01691_wavtolip.mp4,fake
FakeAVCeleb\FakeVideo-FakeAudio\African\men\id00987\00160_id02005_7_Egh9mW5y4_faceswap_id02040_wavtolip.mp4,fake
FakeAVCeleb\FakeVideo-FakeAudio\African\men\id00987\00160_id02005_7_Egh9mW5y4_faceswap_id02342_wavtolip.mp4,fake
FakeAVCeleb\FakeVideo-FakeAudio\African\men\id01036\00010_id00701_lW6uzLIOwd0_faceswap_id00475_wavtolip.mp4,fake
FakeAVCeleb\FakeVideo-FakeAudio\African\men\id01036\00010_id00701_lW6uzLIOwd0_faceswap_id01171_wavtolip.mp4,fake
FakeAVCeleb\FakeVideo-FakeAudio\African\men\id01036\00010_id00701_lW6uzLIOwd0_faceswap_id01530_wavtolip.mp4,fake
FakeAVCeleb\FakeVideo-FakeAudio\African\men\id01036\00010_id00701_lW6uzLIOwd0_faceswap_id01597_wavtolip.mp4,fake
FakeAVCeleb\FakeVideo-FakeAudio\African\men\id01076\00005_id01207_mt129WTRSII_faceswap_id00391_wavtolip.mp4,fake
FakeAVCeleb\FakeVideo-FakeAudio\African\men\id01076\00005_id01207_mt129WTRSII_faceswap_id00781_wavtolip.mp4,fake
FakeAVCeleb\FakeVideo-FakeAudio\African\men\id01076\00005_id01207_mt129WTRSII_faceswap_id01530_wavtolip.mp4,fake
FakeAVCeleb\FakeVideo-FakeAudio\African\men\id01076\00005_id01207_mt129WTRSII_faceswap_id02040_wavtolip.mp4,fake
FakeAVCeleb\FakeVideo-FakeAudio\African\men\id01076\00005_id01207_mt129WTRSII_faceswap_id02342_wavtolip.mp4,fake
FakeAVCeleb\FakeVideo-FakeAudio\African\men\id01170\00021_id01933_I5XXxgK7QpE_faceswap_id00478_wavtolip.mp4,fake
FakeAVCeleb\FakeVideo-FakeAudio\African\men\id01170\00021_id01933_I5XXxgK7QpE_faceswap_id01597_wavtolip.mp4,fake
FakeAVCeleb\FakeVideo-FakeAudio\African\men\id01170\00021_id01933_I5XXxgK7QpE_faceswap_id01637_wavtolip.mp4,fake
FakeAVCeleb\FakeVideo-FakeAudio\African\men\id01170\00021_id01933_I5XXxgK7QpE_faceswap_id01856_wavtolip.mp4,fake
FakeAVCeleb\FakeVideo-FakeAudio\African\men\id01171\00053_id02494_lObg47hQleE_faceswap_id00475_wavtolip.mp4,fake
FakeAVCeleb\FakeVideo-FakeAudio\African\men\id01171\00053_id02494_lObg47hQleE_faceswap_id00476_wavtolip.mp4,fake
FakeAVCeleb\FakeVideo-FakeAudio\African\men\id01171\00053_id02494_lObg47hQleE_faceswap_id01779_wavtolip.mp4,fake
FakeAVCeleb\FakeVideo-FakeAudio\African\men\id01171\00053_id02494_lObg47hQleE_faceswap_id01835_wavtolip.mp4,fake
FakeAVCeleb\FakeVideo-FakeAudio\African\men\id01171\00053_id02494_lObg47hQleE_faceswap_id02051_wavtolip.mp4,fake
FakeAVCeleb\FakeVideo-FakeAudio\African\men\id01179\00160_id02005_7_Egh9mW5y4_faceswap_id01528_wavtolip.mp4,fake
FakeAVCeleb\FakeVideo-FakeAudio\African\men\id01179\00160_id02005_7_Egh9mW5y4_faceswap_id01779_wavtolip.mp4,fake
FakeAVCeleb\FakeVideo-FakeAudio\African\men\id01179\00160_id02005_7_Egh9mW5y4_faceswap_id01835_wavtolip.mp4,fake
FakeAVCeleb\FakeVideo-FakeAudio\African\men\id01179\00160_id02005_7_Egh9mW5y4_faceswap_id01972_wavtolip.mp4,fake
FakeAVCeleb\FakeVideo-FakeAudio\African\men\id01179\00160_id02005_7_Egh9mW5y4_faceswap_id02316_wavtolip.mp4,fake
FakeAVCeleb\FakeVideo-FakeAudio\African\men\id01207\00320_id00076_Isiq7cA-DNE_faceswap_id00366_wavtolip.mp4,fake
FakeAVCeleb\FakeVideo-FakeAudio\African\men\id01207\00320_id00076_Isiq7cA-DNE_faceswap_id00701_wavtolip.mp4,fake
FakeAVCeleb\FakeVideo-FakeAudio\African\men\id01207\00320_id00076_Isiq7cA-DNE_faceswap_id01530_wavtolip.mp4,fake
FakeAVCeleb\FakeVideo-FakeAudio\African\men\id01207\00320_id00076_Isiq7cA-DNE_faceswap_id01597_wavtolip.mp4,fake
FakeAVCeleb\FakeVideo-FakeAudio\African\men\id01207\00320_id00076_Isiq7cA-DNE_faceswap_id04727_wavtolip.mp4,fake
FakeAVCeleb\FakeVideo-FakeAudio\African\men\id01236\00005_id01610_l8zb_iaDJJA_faceswap_id00366_wavtolip.mp4,fake
FakeAVCeleb\FakeVideo-FakeAudio\African\men\id01236\00005_id01610_l8zb_iaDJJA_faceswap_id00830_wavtolip.mp4,fake
FakeAVCeleb\FakeVideo-FakeAudio\African\men\id01236\00005_id01610_l8zb_iaDJJA_faceswap_id01076_wavtolip.mp4,fake
FakeAVCeleb\FakeVideo-FakeAudio\African\men\id01236\00005_id01610_l8zb_iaDJJA_faceswap_id01691_wavtolip.mp4,fake
FakeAVCeleb\FakeVideo-FakeAudio\African\men\id01236\00005_id01610_l8zb_iaDJJA_faceswap_id01779_wavtolip.mp4,fake
FakeAVCeleb\FakeVideo-FakeAudio\African\men\id01392\00167_2_id00166_wavtolip.mp4,fake
FakeAVCeleb\FakeVideo-FakeAudio\African\men\id01392\00167_2_id00475_wavtolip.mp4,fake
FakeAVCeleb\FakeVideo-FakeAudio\African\men\id01392\00167_2_id00478_wavtolip.mp4,fake
FakeAVCeleb\FakeVideo-FakeAudio\African\men\id01392\00167_2_id01207_wavtolip.mp4,fake
FakeAVCeleb\FakeVideo-FakeAudio\African\men\id01392\00167_2_id01521_wavtolip.mp4,fake
FakeAVCeleb\FakeVideo-FakeAudio\African\men\id01392\00167_3_id00830_wavtolip.mp4,fake
FakeAVCeleb\FakeVideo-FakeAudio\African\men\id01392\00167_3_id01392_wavtolip.mp4,fake
FakeAVCeleb\FakeVideo-FakeAudio\African\men\id01392\00167_3_id01610_wavtolip.mp4,fake
FakeAVCeleb\FakeVideo-FakeAudio\African\men\id01392\00167_3_id01933_wavtolip.mp4,fake
FakeAVCeleb\FakeVideo-FakeAudio\African\men\id01392\00167_3_id02040_wavtolip.mp4,fake
FakeAVCeleb\FakeVideo-FakeAudio\African\men\id01452\00001_id01528_SBAS9Kcb8QY_faceswap_id00173_wavtolip.mp4,fake
FakeAVCeleb\FakeVideo-FakeAudio\African\men\id01452\00001_id01528_SBAS9Kcb8QY_faceswap_id00475_wavtolip.mp4,fake
FakeAVCeleb\FakeVideo-FakeAudio\African\men\id01452\00001_id01528_SBAS9Kcb8QY_faceswap_id00987_wavtolip.mp4,fake
FakeAVCeleb\FakeVideo-FakeAudio\African\men\id01452\00001_id01528_SBAS9Kcb8QY_faceswap_id01392_wavtolip.mp4,fake
FakeAVCeleb\FakeVideo-FakeAudio\African\men\id01452\00001_id01528_SBAS9Kcb8QY_faceswap_id01717_wavtolip.mp4,fake
FakeAVCeleb\FakeVideo-FakeAudio\African\men\id01528\00017_id01452_4MqeoSxSy3w_faceswap_id00701_wavtolip.mp4,fake
FakeAVCeleb\FakeVideo-FakeAudio\African\men\id01528\00017_id01452_4MqeoSxSy3w_faceswap_id01076_wavtolip.mp4,fake
FakeAVCeleb\FakeVideo-FakeAudio\African\men\id01528\00017_id01452_4MqeoSxSy3w_faceswap_id01610_wavtolip.mp4,fake
FakeAVCeleb\FakeVideo-FakeAudio\African\men\id01528\00017_id01452_4MqeoSxSy3w_faceswap_id02005_wavtolip.mp4,fake
FakeAVCeleb\FakeVideo-FakeAudio\African\men\id01528\00017_id01452_4MqeoSxSy3w_faceswap_id02494_wavtolip.mp4,fake
FakeAVCeleb\FakeVideo-FakeAudio\African\men\id01544\00044_3_id00166_wavtolip.mp4,fake
FakeAVCeleb\FakeVideo-FakeAudio\African\men\id01544\00044_3_id00173_wavtolip.mp4,fake
FakeAVCeleb\FakeVideo-FakeAudio\African\men\id01544\00044_3_id00830_wavtolip.mp4,fake
FakeAVCeleb\FakeVideo-FakeAudio\African\men\id01544\00044_3_id01530_wavtolip.mp4,fake
FakeAVCeleb\FakeVideo-FakeAudio\African\men\id01544\00044_3_id02268_wavtolip.mp4,fake
FakeAVCeleb\FakeVideo-FakeAudio\African\men\id01597\00005_0_id00076_wavtolip.mp4,fake
FakeAVCeleb\FakeVideo-FakeAudio\African\men\id01597\00005_1_id01171_wavtolip.mp4,fake
FakeAVCeleb\FakeVideo-FakeAudio\African\men\id01597\00005_1_id01392_wavtolip.mp4,fake
FakeAVCeleb\FakeVideo-FakeAudio\African\men\id01597\00005_1_id01544_wavtolip.mp4,fake
FakeAVCeleb\FakeVideo-FakeAudio\African\men\id01597\00005_1_id02005_wavtolip.mp4,fake
FakeAVCeleb\FakeVideo-FakeAudio\African\men\id01597\00005_1_id02494_wavtolip.mp4,fake
FakeAVCeleb\FakeVideo-FakeAudio\African\men\id01597\00005_2_id00987_wavtolip.mp4,fake
FakeAVCeleb\FakeVideo-FakeAudio\African\men\id01597\00005_2_id01236_wavtolip.mp4,fake
FakeAVCeleb\FakeVideo-FakeAudio\African\men\id01597\00005_2_id01995_wavtolip.mp4,fake
FakeAVCeleb\FakeVideo-FakeAudio\African\men\id01597\00005_2_id02040_wavtolip.mp4,fake
FakeAVCeleb\FakeVideo-FakeAudio\African\men\id01597\00005_2_id02494_wavtolip.mp4,fake
FakeAVCeleb\FakeVideo-FakeAudio\African\men\id01597\00005_3_id00761_wavtolip.mp4,fake
FakeAVCeleb\FakeVideo-FakeAudio\African\men\id01597\00005_3_id00781_wavtolip.mp4,fake
FakeAVCeleb\FakeVideo-FakeAudio\African\men\id01597\00005_3_id01528_wavtolip.mp4,fake
FakeAVCeleb\FakeVideo-FakeAudio\African\men\id01597\00005_3_id01920_wavtolip.mp4,fake
FakeAVCeleb\FakeVideo-FakeAudio\African\men\id01597\00005_3_id02268_wavtolip.mp4,fake
FakeAVCeleb\FakeVideo-FakeAudio\African\men\id01598\00109_1_id01637_wavtolip.mp4,fake
FakeAVCeleb\FakeVideo-FakeAudio\African\men\id01598\00109_1_id01691_wavtolip.mp4,fake
FakeAVCeleb\FakeVideo-FakeAudio\African\men\id01598\00109_1_id02005_wavtolip.mp4,fake
FakeAVCeleb\FakeVideo-FakeAudio\African\men\id01598\00109_1_id02051_wavtolip.mp4,fake
FakeAVCeleb\FakeVideo-FakeAudio\African\men\id01598\00109_1_id02316_wavtolip.mp4,fake
FakeAVCeleb\FakeVideo-FakeAudio\African\men\id01610\00090_id01236_7WdumGR5-JM_faceswap_id00475_wavtolip.mp4,fake
FakeAVCeleb\FakeVideo-FakeAudio\African\men\id01610\00090_id01236_7WdumGR5-JM_faceswap_id00761_wavtolip.mp4,fake
FakeAVCeleb\FakeVideo-FakeAudio\African\men\id01610\00090_id01236_7WdumGR5-JM_faceswap_id01392_wavtolip.mp4,fake
FakeAVCeleb\FakeVideo-FakeAudio\African\men\id01610\00090_id01236_7WdumGR5-JM_faceswap_id02040_wavtolip.mp4,fake
FakeAVCeleb\FakeVideo-FakeAudio\African\men\id01610\00090_id01236_7WdumGR5-JM_faceswap_id02051_wavtolip.mp4,fake
FakeAVCeleb\FakeVideo-FakeAudio\African\men\id01637\00002_1_id01598_wavtolip.mp4,fake
FakeAVCeleb\FakeVideo-FakeAudio\African\men\id01637\00002_1_id01610_wavtolip.mp4,fake
FakeAVCeleb\FakeVideo-FakeAudio\African\men\id01637\00002_1_id01920_wavtolip.mp4,fake
FakeAVCeleb\FakeVideo-FakeAudio\African\men\id01637\00002_1_id02296_wavtolip.mp4,fake
FakeAVCeleb\FakeVideo-FakeAudio\African\men\id01637\00002_1_id02342_wavtolip.mp4,fake
FakeAVCeleb\FakeVideo-FakeAudio\African\men\id01637\00002_2_id00701_wavtolip.mp4,fake
FakeAVCeleb\FakeVideo-FakeAudio\African\men\id01637\00002_2_id00761_wavtolip.mp4,fake
FakeAVCeleb\FakeVideo-FakeAudio\African\men\id01637\00002_2_id00944_wavtolip.mp4,fake
FakeAVCeleb\FakeVideo-FakeAudio\African\men\id01637\00002_2_id01392_wavtolip.mp4,fake
FakeAVCeleb\FakeVideo-FakeAudio\African\men\id01637\00002_2_id01452_wavtolip.mp4,fake
FakeAVCeleb\FakeVideo-FakeAudio\African\men\id01691\00045_id01779_HgyHpDEo_jk_faceswap_id00830_wavtolip.mp4,fake
FakeAVCeleb\FakeVideo-FakeAudio\African\men\id01691\00045_id01779_HgyHpDEo_jk_faceswap_id01236_wavtolip.mp4,fake
FakeAVCeleb\FakeVideo-FakeAudio\African\men\id01691\00045_id01779_HgyHpDEo_jk_faceswap_id02040_wavtolip.mp4,fake
FakeAVCeleb\FakeVideo-FakeAudio\African\men\id01691\00045_id01779_HgyHpDEo_jk_faceswap_id02268_wavtolip.mp4,fake
FakeAVCeleb\FakeVideo-FakeAudio\African\men\id01717\00005_id02005_7_Egh9mW5y4_faceswap_id01170_wavtolip.mp4,fake
FakeAVCeleb\FakeVideo-FakeAudio\African\men\id01717\00005_id02005_7_Egh9mW5y4_faceswap_id01392_wavtolip.mp4,fake
FakeAVCeleb\FakeVideo-FakeAudio\African\men\id01717\00005_id02005_7_Egh9mW5y4_faceswap_id01691_wavtolip.mp4,fake
FakeAVCeleb\FakeVideo-FakeAudio\African\men\id01717\00005_id02005_7_Egh9mW5y4_faceswap_id01779_wavtolip.mp4,fake
FakeAVCeleb\FakeVideo-FakeAudio\African\men\id01717\00005_id02005_7_Egh9mW5y4_faceswap_id04727_wavtolip.mp4,fake
FakeAVCeleb\FakeVideo-FakeAudio\African\men\id01779\00010_id01691_IVtS5z8Jrrk_faceswap_id00173_wavtolip.mp4,fake
FakeAVCeleb\FakeVideo-FakeAudio\African\men\id01779\00010_id01691_IVtS5z8Jrrk_faceswap_id00478_wavtolip.mp4,fake
FakeAVCeleb\FakeVideo-FakeAudio\African\men\id01779\00010_id01691_IVtS5z8Jrrk_faceswap_id00701_wavtolip.mp4,fake
FakeAVCeleb\FakeVideo-FakeAudio\African\men\id01779\00010_id01691_IVtS5z8Jrrk_faceswap_id01170_wavtolip.mp4,fake
FakeAVCeleb\FakeVideo-FakeAudio\African\men\id01779\00010_id01691_IVtS5z8Jrrk_faceswap_id01779_wavtolip.mp4,fake
FakeAVCeleb\FakeVideo-FakeAudio\African\men\id01835\00130_id00761_QtTNFhCCgzw_faceswap_id00391_wavtolip.mp4,fake
FakeAVCeleb\FakeVideo-FakeAudio\African\men\id01835\00130_id00761_QtTNFhCCgzw_faceswap_id00518_wavtolip.mp4,fake
FakeAVCeleb\FakeVideo-FakeAudio\African\men\id01835\00130_id00761_QtTNFhCCgzw_faceswap_id01170_wavtolip.mp4,fake
FakeAVCeleb\FakeVideo-FakeAudio\African\men\id01835\00130_id00761_QtTNFhCCgzw_faceswap_id02051_wavtolip.mp4,fake
FakeAVCeleb\FakeVideo-FakeAudio\African\men\id01835\00130_id00761_QtTNFhCCgzw_faceswap_id02494_wavtolip.mp4,fake
FakeAVCeleb\FakeVideo-FakeAudio\African\men\id01856\00109_3_id01207_wavtolip.mp4,fake
FakeAVCeleb\FakeVideo-FakeAudio\African\men\id01856\00109_3_id01392_wavtolip.mp4,fake
FakeAVCeleb\FakeVideo-FakeAudio\African\men\id01856\00109_3_id01530_wavtolip.mp4,fake
FakeAVCeleb\FakeVideo-FakeAudio\African\men\id01856\00109_3_id01610_wavtolip.mp4,fake
FakeAVCeleb\FakeVideo-FakeAudio\African\men\id01856\00109_3_id02051_wavtolip.mp4,fake
FakeAVCeleb\FakeVideo-FakeAudio\African\men\id01920\00099_id00476_UgdYVJ6xPYg_faceswap_id00476_wavtolip.mp4,fake
FakeAVCeleb\FakeVideo-FakeAudio\African\men\id01920\00099_id00476_UgdYVJ6xPYg_faceswap_id00944_wavtolip.mp4,fake
FakeAVCeleb\FakeVideo-FakeAudio\African\men\id01920\00099_id00476_UgdYVJ6xPYg_faceswap_id01597_wavtolip.mp4,fake
FakeAVCeleb\FakeVideo-FakeAudio\African\men\id01920\00099_id00476_UgdYVJ6xPYg_faceswap_id01779_wavtolip.mp4,fake
FakeAVCeleb\FakeVideo-FakeAudio\African\men\id01920\00099_id00476_UgdYVJ6xPYg_faceswap_id02316_wavtolip.mp4,fake
FakeAVCeleb\FakeVideo-FakeAudio\African\men\id01933\00028_3_id00475_wavtolip.mp4,fake
FakeAVCeleb\FakeVideo-FakeAudio\African\men\id01933\00028_3_id00518_wavtolip.mp4,fake
FakeAVCeleb\FakeVideo-FakeAudio\African\men\id01933\00028_3_id00987_wavtolip.mp4,fake
FakeAVCeleb\FakeVideo-FakeAudio\African\men\id01933\00028_3_id01995_wavtolip.mp4,fake
FakeAVCeleb\FakeVideo-FakeAudio\African\men\id01933\00028_3_id02494_wavtolip.mp4,fake
FakeAVCeleb\FakeVideo-FakeAudio\African\men\id01972\00078_2_id01171_wavtolip.mp4,fake
FakeAVCeleb\FakeVideo-FakeAudio\African\men\id01972\00078_2_id01179_wavtolip.mp4,fake
FakeAVCeleb\FakeVideo-FakeAudio\African\men\id01972\00078_2_id01207_wavtolip.mp4,fake
FakeAVCeleb\FakeVideo-FakeAudio\African\men\id01972\00078_2_id01597_wavtolip.mp4,fake
FakeAVCeleb\FakeVideo-FakeAudio\African\men\id01972\00078_2_id01717_wavtolip.mp4,fake
FakeAVCeleb\FakeVideo-FakeAudio\African\men\id01972\00078_3_id00366_wavtolip.mp4,fake
FakeAVCeleb\FakeVideo-FakeAudio\African\men\id01972\00078_3_id01392_wavtolip.mp4,fake
FakeAVCeleb\FakeVideo-FakeAudio\African\men\id01972\00078_3_id01544_wavtolip.mp4,fake
FakeAVCeleb\FakeVideo-FakeAudio\African\men\id01972\00078_3_id01779_wavtolip.mp4,fake
FakeAVCeleb\FakeVideo-FakeAudio\African\men\id01972\00078_3_id02005_wavtolip.mp4,fake
FakeAVCeleb\FakeVideo-FakeAudio\African\men\id02005\00052_id02342_RJPBPhJB8TA_faceswap_id00478_wavtolip.mp4,fake
FakeAVCeleb\FakeVideo-FakeAudio\African\men\id02005\00052_id02342_RJPBPhJB8TA_faceswap_id00518_wavtolip.mp4,fake
FakeAVCeleb\FakeVideo-FakeAudio\African\men\id02005\00052_id02342_RJPBPhJB8TA_faceswap_id01207_wavtolip.mp4,fake
FakeAVCeleb\FakeVideo-FakeAudio\African\men\id02005\00052_id02342_RJPBPhJB8TA_faceswap_id01544_wavtolip.mp4,fake
FakeAVCeleb\FakeVideo-FakeAudio\African\men\id02005\00052_id02342_RJPBPhJB8TA_faceswap_id01717_wavtolip.mp4,fake
FakeAVCeleb\FakeVideo-FakeAudio\African\men\id02296\00019_0_id00761_wavtolip.mp4,fake
FakeAVCeleb\FakeVideo-FakeAudio\African\men\id02296\00019_0_id01076_wavtolip.mp4,fake
FakeAVCeleb\FakeVideo-FakeAudio\African\men\id02296\00019_0_id01835_wavtolip.mp4,fake
FakeAVCeleb\FakeVideo-FakeAudio\African\men\id02296\00019_0_id02051_wavtolip.mp4,fake
FakeAVCeleb\FakeVideo-FakeAudio\African\men\id02296\00019_0_id02296_wavtolip.mp4,fake
FakeAVCeleb\FakeVideo-FakeAudio\African\men\id02296\00019_2_id00478_wavtolip.mp4,fake
FakeAVCeleb\FakeVideo-FakeAudio\African\men\id02296\00019_2_id01170_wavtolip.mp4,fake
FakeAVCeleb\FakeVideo-FakeAudio\African\men\id02296\00019_2_id01452_wavtolip.mp4,fake
FakeAVCeleb\FakeVideo-FakeAudio\African\men\id02296\00019_2_id01610_wavtolip.mp4,fake
FakeAVCeleb\FakeVideo-FakeAudio\African\men\id02296\00019_2_id01920_wavtolip.mp4,fake
FakeAVCeleb\FakeVideo-FakeAudio\African\men\id02342\00191_id02005_7_Egh9mW5y4_faceswap_id01076_wavtolip.mp4,fake
FakeAVCeleb\FakeVideo-FakeAudio\African\men\id02342\00191_id02005_7_Egh9mW5y4_faceswap_id01598_wavtolip.mp4,fake
FakeAVCeleb\FakeVideo-FakeAudio\African\men\id02342\00191_id02005_7_Egh9mW5y4_faceswap_id01835_wavtolip.mp4,fake
FakeAVCeleb\FakeVideo-FakeAudio\African\men\id02342\00191_id02005_7_Egh9mW5y4_faceswap_id02316_wavtolip.mp4,fake
FakeAVCeleb\FakeVideo-FakeAudio\African\men\id02342\00191_id02005_7_Egh9mW5y4_faceswap_id02342_wavtolip.mp4,fake
FakeAVCeleb\FakeVideo-FakeAudio\African\men\id02494\00050_id00475_xQjvXRcnPvw_faceswap_id00475_wavtolip.mp4,fake
FakeAVCeleb\FakeVideo-FakeAudio\African\men\id02494\00050_id00475_xQjvXRcnPvw_faceswap_id01995_wavtolip.mp4,fake
FakeAVCeleb\FakeVideo-FakeAudio\African\men\id02494\00050_id00475_xQjvXRcnPvw_faceswap_id02005_wavtolip.mp4,fake
FakeAVCeleb\FakeVideo-FakeAudio\African\men\id02494\00050_id00475_xQjvXRcnPvw_faceswap_id02296_wavtolip.mp4,fake
FakeAVCeleb\FakeVideo-FakeAudio\African\men\id02494\00050_id00475_xQjvXRcnPvw_faceswap_id04727_wavtolip.mp4,fake
FakeAVCeleb\FakeVideo-FakeAudio\African\women\id00220\00027_id02586_wavtolip.mp4,fake
FakeAVCeleb\FakeVideo-FakeAudio\African\women\id00220\00027_id03569_wavtolip.mp4,fake
FakeAVCeleb\FakeVideo-FakeAudio\African\women\id00220\00027_id03658_wavtolip.mp4,fake
FakeAVCeleb\FakeVideo-FakeAudio\African\women\id00220\00027_id04376_wavtolip.mp4,fake
FakeAVCeleb\FakeVideo-FakeAudio\African\women\id00220\00027_id05251_wavtolip.mp4,fake
FakeAVCeleb\FakeVideo-FakeAudio\African\women\id00359\00053_id01838_q_lUk55OrL0_faceswap_id00568_wavtolip.mp4,fake
FakeAVCeleb\FakeVideo-FakeAudio\African\women\id00359\00053_id01838_q_lUk55OrL0_faceswap_id03658_wavtolip.mp4,fake
FakeAVCeleb\FakeVideo-FakeAudio\African\women\id00359\00053_id01838_q_lUk55OrL0_faceswap_id04736_wavtolip.mp4,fake
FakeAVCeleb\FakeVideo-FakeAudio\African\women\id00359\00053_id01838_q_lUk55OrL0_faceswap_id05106_wavtolip.mp4,fake
FakeAVCeleb\FakeVideo-FakeAudio\African\women\id00359\00053_id01838_q_lUk55OrL0_faceswap_id05252_wavtolip.mp4,fake
FakeAVCeleb\FakeVideo-FakeAudio\African\women\id00460\00005_id00371_wavtolip.mp4,fake
FakeAVCeleb\FakeVideo-FakeAudio\African\women\id00460\00005_id00460_wavtolip.mp4,fake
FakeAVCeleb\FakeVideo-FakeAudio\African\women\id00460\00005_id01178_wavtolip.mp4,fake
FakeAVCeleb\FakeVideo-FakeAudio\African\women\id00460\00005_id02721_wavtolip.mp4,fake
FakeAVCeleb\FakeVideo-FakeAudio\African\women\id00460\00005_id02808_wavtolip.mp4,fake
FakeAVCeleb\FakeVideo-FakeAudio\African\women\id00568\00384_id05252_CMxIX3absYM_faceswap_id00577_wavtolip.mp4,fake
FakeAVCeleb\FakeVideo-FakeAudio\African\women\id00568\00384_id05252_CMxIX3absYM_faceswap_id00707_wavtolip.mp4,fake
FakeAVCeleb\FakeVideo-FakeAudio\African\women\id00568\00384_id05252_CMxIX3absYM_faceswap_id01661_wavtolip.mp4,fake
FakeAVCeleb\FakeVideo-FakeAudio\African\women\id00568\00384_id05252_CMxIX3absYM_faceswap_id03747_wavtolip.mp4,fake
FakeAVCeleb\FakeVideo-FakeAudio\African\women\id00568\00384_id05252_CMxIX3absYM_faceswap_id05252_wavtolip.mp4,fake
FakeAVCeleb\FakeVideo-FakeAudio\African\women\id00577\00010_id01532_wavtolip.mp4,fake
FakeAVCeleb\FakeVideo-FakeAudio\African\women\id00577\00010_id01907_wavtolip.mp4,fake
FakeAVCeleb\FakeVideo-FakeAudio\African\women\id00577\00010_id04055_wavtolip.mp4,fake
FakeAVCeleb\FakeVideo-FakeAudio\African\women\id00577\00010_id04376_wavtolip.mp4,fake
FakeAVCeleb\FakeVideo-FakeAudio\African\women\id00577\00010_id04736_wavtolip.mp4,fake
FakeAVCeleb\FakeVideo-FakeAudio\African\women\id00592\00017_id00371_wavtolip.mp4,fake
FakeAVCeleb\FakeVideo-FakeAudio\African\women\id00592\00017_id01661_wavtolip.mp4,fake
FakeAVCeleb\FakeVideo-FakeAudio\African\women\id00592\00017_id01838_wavtolip.mp4,fake
FakeAVCeleb\FakeVideo-FakeAudio\African\women\id00592\00017_id04055_wavtolip.mp4,fake
FakeAVCeleb\FakeVideo-FakeAudio\African\women\id00592\00017_id05252_wavtolip.mp4,fake
FakeAVCeleb\FakeVideo-FakeAudio\African\women\id00707\00052_id04820_64ybrA1atlM_faceswap_id02824_wavtolip.mp4,fake
FakeAVCeleb\FakeVideo-FakeAudio\African\women\id00707\00052_id04820_64ybrA1atlM_faceswap_id04376_wavtolip.mp4,fake
FakeAVCeleb\FakeVideo-FakeAudio\African\women\id00707\00052_id04820_64ybrA1atlM_faceswap_id04547_wavtolip.mp4,fake
FakeAVCeleb\FakeVideo-FakeAudio\African\women\id00707\00052_id04820_64ybrA1atlM_faceswap_id04689_wavtolip.mp4,fake
FakeAVCeleb\FakeVideo-FakeAudio\African\women\id00707\00052_id04820_64ybrA1atlM_faceswap_id04820_wavtolip.mp4,fake
FakeAVCeleb\FakeVideo-FakeAudio\African\women\id00829\00271_id01178_wavtolip.mp4,fake
FakeAVCeleb\FakeVideo-FakeAudio\African\women\id00829\00271_id03103_wavtolip.mp4,fake
FakeAVCeleb\FakeVideo-FakeAudio\African\women\id00829\00271_id04705_wavtolip.mp4,fake
FakeAVCeleb\FakeVideo-FakeAudio\African\women\id00829\00271_id04736_wavtolip.mp4,fake
FakeAVCeleb\FakeVideo-FakeAudio\African\women\id00829\00271_id05106_wavtolip.mp4,fake
FakeAVCeleb\FakeVideo-FakeAudio\African\women\id00832\00078_id00371_t20i0HtPwW0_faceswap_id00371_wavtolip.mp4,fake
FakeAVCeleb\FakeVideo-FakeAudio\African\women\id00832\00078_id00371_t20i0HtPwW0_faceswap_id00832_wavtolip.mp4,fake
FakeAVCeleb\FakeVideo-FakeAudio\African\women\id00832\00078_id00371_t20i0HtPwW0_faceswap_id01178_wavtolip.mp4,fake
FakeAVCeleb\FakeVideo-FakeAudio\African\women\id00832\00078_id00371_t20i0HtPwW0_faceswap_id04055_wavtolip.mp4,fake
FakeAVCeleb\FakeVideo-FakeAudio\African\women\id00832\00078_id00371_t20i0HtPwW0_faceswap_id04540_wavtolip.mp4,fake
FakeAVCeleb\FakeVideo-FakeAudio\African\women\id01178\00028_id05252_CMxIX3absYM_faceswap_id00371_wavtolip.mp4,fake
FakeAVCeleb\FakeVideo-FakeAudio\African\women\id01178\00028_id05252_CMxIX3absYM_faceswap_id01838_wavtolip.mp4,fake
FakeAVCeleb\FakeVideo-FakeAudio\African\women\id01178\00028_id05252_CMxIX3absYM_faceswap_id02071_wavtolip.mp4,fake
FakeAVCeleb\FakeVideo-FakeAudio\African\women\id01178\00028_id05252_CMxIX3absYM_faceswap_id02721_wavtolip.mp4,fake
FakeAVCeleb\FakeVideo-FakeAudio\African\women\id01178\00028_id05252_CMxIX3absYM_faceswap_id04437_wavtolip.mp4,fake
FakeAVCeleb\FakeVideo-FakeAudio\African\women\id01532\00065_id00220_wavtolip.mp4,fake
FakeAVCeleb\FakeVideo-FakeAudio\African\women\id01532\00065_id00371_wavtolip.mp4,fake
FakeAVCeleb\FakeVideo-FakeAudio\African\women\id01532\00065_id02508_wavtolip.mp4,fake
FakeAVCeleb\FakeVideo-FakeAudio\African\women\id01532\00065_id02824_wavtolip.mp4,fake
FakeAVCeleb\FakeVideo-FakeAudio\African\women\id01532\00065_id05231_wavtolip.mp4,fake
FakeAVCeleb\FakeVideo-FakeAudio\African\women\id01661\00059_id00577_wavtolip.mp4,fake
FakeAVCeleb\FakeVideo-FakeAudio\African\women\id01661\00059_id00832_wavtolip.mp4,fake
FakeAVCeleb\FakeVideo-FakeAudio\African\women\id01661\00059_id01178_wavtolip.mp4,fake
FakeAVCeleb\FakeVideo-FakeAudio\African\women\id01661\00059_id02586_wavtolip.mp4,fake
FakeAVCeleb\FakeVideo-FakeAudio\African\women\id01661\00059_id04055_wavtolip.mp4,fake
FakeAVCeleb\FakeVideo-FakeAudio\African\women\id01783\00015_id02948_wavtolip.mp4,fake
FakeAVCeleb\FakeVideo-FakeAudio\African\women\id01783\00015_id03569_wavtolip.mp4,fake
FakeAVCeleb\FakeVideo-FakeAudio\African\women\id01783\00015_id03713_wavtolip.mp4,fake
FakeAVCeleb\FakeVideo-FakeAudio\African\women\id01783\00015_id04705_wavtolip.mp4,fake
FakeAVCeleb\FakeVideo-FakeAudio\African\women\id01783\00015_id05235_wavtolip.mp4,fake
FakeAVCeleb\FakeVideo-FakeAudio\African\women\id01838\00126_id05235_ASy8lP3SRtw_faceswap_id00568_wavtolip.mp4,fake
FakeAVCeleb\FakeVideo-FakeAudio\African\women\id01838\00126_id05235_ASy8lP3SRtw_faceswap_id00829_wavtolip.mp4,fake
FakeAVCeleb\FakeVideo-FakeAudio\African\women\id01838\00126_id05235_ASy8lP3SRtw_faceswap_id01838_wavtolip.mp4,fake
FakeAVCeleb\FakeVideo-FakeAudio\African\women\id01838\00126_id05235_ASy8lP3SRtw_faceswap_id02071_wavtolip.mp4,fake
FakeAVCeleb\FakeVideo-FakeAudio\African\women\id01838\00126_id05235_ASy8lP3SRtw_faceswap_id05106_wavtolip.mp4,fake
FakeAVCeleb\FakeVideo-FakeAudio\African\women\id01907\00148_id05235_ASy8lP3SRtw_faceswap_id00371_wavtolip.mp4,fake
FakeAVCeleb\FakeVideo-FakeAudio\African\women\id01907\00148_id05235_ASy8lP3SRtw_faceswap_id03656_wavtolip.mp4,fake
FakeAVCeleb\FakeVideo-FakeAudio\African\women\id01907\00148_id05235_ASy8lP3SRtw_faceswap_id04437_wavtolip.mp4,fake
FakeAVCeleb\FakeVideo-FakeAudio\African\women\id01907\00148_id05235_ASy8lP3SRtw_faceswap_id05251_wavtolip.mp4,fake
FakeAVCeleb\FakeVideo-FakeAudio\African\women\id01907\00148_id05235_ASy8lP3SRtw_faceswap_id05252_wavtolip.mp4,fake
FakeAVCeleb\FakeVideo-FakeAudio\African\women\id02301\00092_id00829_aMEvVaUBq2Y_faceswap_id00371_wavtolip.mp4,fake
FakeAVCeleb\FakeVideo-FakeAudio\African\women\id02301\00092_id00829_aMEvVaUBq2Y_faceswap_id01838_wavtolip.mp4,fake
FakeAVCeleb\FakeVideo-FakeAudio\African\women\id02301\00092_id00829_aMEvVaUBq2Y_faceswap_id02508_wavtolip.mp4,fake
FakeAVCeleb\FakeVideo-FakeAudio\African\women\id02301\00092_id00829_aMEvVaUBq2Y_faceswap_id04055_wavtolip.mp4,fake
FakeAVCeleb\FakeVideo-FakeAudio\African\women\id02301\00092_id00829_aMEvVaUBq2Y_faceswap_id04705_wavtolip.mp4,fake
FakeAVCeleb\FakeVideo-FakeAudio\African\women\id02508\00083_id03658_8Wtu9VXKqjY_faceswap_id01532_wavtolip.mp4,fake
FakeAVCeleb\FakeVideo-FakeAudio\African\women\id02508\00083_id03658_8Wtu9VXKqjY_faceswap_id01661_wavtolip.mp4,fake
FakeAVCeleb\FakeVideo-FakeAudio\African\women\id02508\00083_id03658_8Wtu9VXKqjY_faceswap_id04540_wavtolip.mp4,fake
FakeAVCeleb\FakeVideo-FakeAudio\African\women\id02508\00083_id03658_8Wtu9VXKqjY_faceswap_id04705_wavtolip.mp4,fake
FakeAVCeleb\FakeVideo-FakeAudio\African\women\id02508\00083_id03658_8Wtu9VXKqjY_faceswap_id05980_wavtolip.mp4,fake
FakeAVCeleb\FakeVideo-FakeAudio\African\women\id02586\00042_id04939_i4v2cXo9HIQ_faceswap_id00460_wavtolip.mp4,fake
FakeAVCeleb\FakeVideo-FakeAudio\African\women\id02586\00042_id04939_i4v2cXo9HIQ_faceswap_id04245_wavtolip.mp4,fake
FakeAVCeleb\FakeVideo-FakeAudio\African\women\id02586\00042_id04939_i4v2cXo9HIQ_faceswap_id04374_wavtolip.mp4,fake
FakeAVCeleb\FakeVideo-FakeAudio\African\women\id02586\00042_id04939_i4v2cXo9HIQ_faceswap_id04820_wavtolip.mp4,fake
FakeAVCeleb\FakeVideo-FakeAudio\African\women\id02586\00042_id04939_i4v2cXo9HIQ_faceswap_id05106_wavtolip.mp4,fake
FakeAVCeleb\FakeVideo-FakeAudio\African\women\id02617\00028_id00592_wavtolip.mp4,fake
FakeAVCeleb\FakeVideo-FakeAudio\African\women\id02617\00028_id02838_wavtolip.mp4,fake
FakeAVCeleb\FakeVideo-FakeAudio\African\women\id02617\00028_id03713_wavtolip.mp4,fake
FakeAVCeleb\FakeVideo-FakeAudio\African\women\id02617\00028_id04689_wavtolip.mp4,fake
FakeAVCeleb\FakeVideo-FakeAudio\African\women\id02617\00028_id04736_wavtolip.mp4,fake
FakeAVCeleb\FakeVideo-FakeAudio\African\women\id02721\00424_id03658_8Wtu9VXKqjY_faceswap_id00371_wavtolip.mp4,fake
FakeAVCeleb\FakeVideo-FakeAudio\African\women\id02721\00424_id03658_8Wtu9VXKqjY_faceswap_id02824_wavtolip.mp4,fake
FakeAVCeleb\FakeVideo-FakeAudio\African\women\id02721\00424_id03658_8Wtu9VXKqjY_faceswap_id02838_wavtolip.mp4,fake
FakeAVCeleb\FakeVideo-FakeAudio\African\women\id02721\00424_id03658_8Wtu9VXKqjY_faceswap_id02948_wavtolip.mp4,fake
FakeAVCeleb\FakeVideo-FakeAudio\African\women\id02721\00424_id03658_8Wtu9VXKqjY_faceswap_id04820_wavtolip.mp4,fake
FakeAVCeleb\FakeVideo-FakeAudio\African\women\id02808\00056_id03103_wiCYm3THQPw_faceswap_id00371_wavtolip.mp4,fake
FakeAVCeleb\FakeVideo-FakeAudio\African\women\id02808\00056_id03103_wiCYm3THQPw_faceswap_id00832_wavtolip.mp4,fake
FakeAVCeleb\FakeVideo-FakeAudio\African\women\id02808\00056_id03103_wiCYm3THQPw_faceswap_id02301_wavtolip.mp4,fake
FakeAVCeleb\FakeVideo-FakeAudio\African\women\id02808\00056_id03103_wiCYm3THQPw_faceswap_id05235_wavtolip.mp4,fake
FakeAVCeleb\FakeVideo-FakeAudio\African\women\id02808\00056_id03103_wiCYm3THQPw_faceswap_id05252_wavtolip.mp4,fake
FakeAVCeleb\FakeVideo-FakeAudio\African\women\id02824\00130_id03747_wQOOhZvnrq4_faceswap_id01783_wavtolip.mp4,fake
FakeAVCeleb\FakeVideo-FakeAudio\African\women\id02824\00130_id03747_wQOOhZvnrq4_faceswap_id02617_wavtolip.mp4,fake
FakeAVCeleb\FakeVideo-FakeAudio\African\women\id02824\00130_id03747_wQOOhZvnrq4_faceswap_id04245_wavtolip.mp4,fake
FakeAVCeleb\FakeVideo-FakeAudio\African\women\id02824\00130_id03747_wQOOhZvnrq4_faceswap_id05106_wavtolip.mp4,fake
FakeAVCeleb\FakeVideo-FakeAudio\African\women\id02824\00130_id03747_wQOOhZvnrq4_faceswap_id05231_wavtolip.mp4,fake
FakeAVCeleb\FakeVideo-FakeAudio\African\women\id02948\00298_id04820_64ybrA1atlM_faceswap_id00460_wavtolip.mp4,fake
FakeAVCeleb\FakeVideo-FakeAudio\African\women\id02948\00298_id04820_64ybrA1atlM_faceswap_id01178_wavtolip.mp4,fake
FakeAVCeleb\FakeVideo-FakeAudio\African\women\id02948\00298_id04820_64ybrA1atlM_faceswap_id02721_wavtolip.mp4,fake
FakeAVCeleb\FakeVideo-FakeAudio\African\women\id02948\00298_id04820_64ybrA1atlM_faceswap_id04374_wavtolip.mp4,fake
FakeAVCeleb\FakeVideo-FakeAudio\African\women\id02948\00298_id04820_64ybrA1atlM_faceswap_id05251_wavtolip.mp4,fake
FakeAVCeleb\FakeVideo-FakeAudio\African\women\id03569\00065_id00220_WlHLlTQKj8g_faceswap_id00220_wavtolip.mp4,fake
FakeAVCeleb\FakeVideo-FakeAudio\African\women\id03569\00065_id00220_WlHLlTQKj8g_faceswap_id01178_wavtolip.mp4,fake
FakeAVCeleb\FakeVideo-FakeAudio\African\women\id03569\00065_id00220_WlHLlTQKj8g_faceswap_id02586_wavtolip.mp4,fake
FakeAVCeleb\FakeVideo-FakeAudio\African\women\id03569\00065_id00220_WlHLlTQKj8g_faceswap_id04705_wavtolip.mp4,fake
FakeAVCeleb\FakeVideo-FakeAudio\African\women\id03569\00065_id00220_WlHLlTQKj8g_faceswap_id05252_wavtolip.mp4,fake
FakeAVCeleb\FakeVideo-FakeAudio\African\women\id03656\00052_1_id00359_wavtolip.mp4,fake
FakeAVCeleb\FakeVideo-FakeAudio\African\women\id03656\00052_1_id00460_wavtolip.mp4,fake
FakeAVCeleb\FakeVideo-FakeAudio\African\women\id03656\00052_1_id00592_wavtolip.mp4,fake
FakeAVCeleb\FakeVideo-FakeAudio\African\women\id03656\00052_1_id02721_wavtolip.mp4,fake
FakeAVCeleb\FakeVideo-FakeAudio\African\women\id03656\00052_1_id02838_wavtolip.mp4,fake
FakeAVCeleb\FakeVideo-FakeAudio\African\women\id03656\00052_3_id00371_wavtolip.mp4,fake
FakeAVCeleb\FakeVideo-FakeAudio\African\women\id03656\00052_3_id00592_wavtolip.mp4,fake
FakeAVCeleb\FakeVideo-FakeAudio\African\women\id03656\00052_3_id01532_wavtolip.mp4,fake
FakeAVCeleb\FakeVideo-FakeAudio\African\women\id03656\00052_3_id02301_wavtolip.mp4,fake
FakeAVCeleb\FakeVideo-FakeAudio\African\women\id03656\00052_3_id04705_wavtolip.mp4,fake
FakeAVCeleb\FakeVideo-FakeAudio\African\women\id03658\00077_id00371_t20i0HtPwW0_faceswap_id00220_wavtolip.mp4,fake
FakeAVCeleb\FakeVideo-FakeAudio\African\women\id03658\00077_id00371_t20i0HtPwW0_faceswap_id02301_wavtolip.mp4,fake
FakeAVCeleb\FakeVideo-FakeAudio\African\women\id03658\00077_id00371_t20i0HtPwW0_faceswap_id03713_wavtolip.mp4,fake
FakeAVCeleb\FakeVideo-FakeAudio\African\women\id03658\00077_id00371_t20i0HtPwW0_faceswap_id04245_wavtolip.mp4,fake
FakeAVCeleb\FakeVideo-FakeAudio\African\women\id03658\00077_id00371_t20i0HtPwW0_faceswap_id04705_wavtolip.mp4,fake
FakeAVCeleb\FakeVideo-FakeAudio\African\women\id03713\00249_id02617_4EZjRXC4fLk_faceswap_id00220_wavtolip.mp4,fake
FakeAVCeleb\FakeVideo-FakeAudio\African\women\id03713\00249_id02617_4EZjRXC4fLk_faceswap_id00832_wavtolip.mp4,fake
FakeAVCeleb\FakeVideo-FakeAudio\African\women\id03713\00249_id02617_4EZjRXC4fLk_faceswap_id01178_wavtolip.mp4,fake
FakeAVCeleb\FakeVideo-FakeAudio\African\women\id03713\00249_id02617_4EZjRXC4fLk_faceswap_id01532_wavtolip.mp4,fake
FakeAVCeleb\FakeVideo-FakeAudio\African\women\id03713\00249_id02617_4EZjRXC4fLk_faceswap_id04245_wavtolip.mp4,fake
FakeAVCeleb\FakeVideo-FakeAudio\African\women\id03747\00273_id02824_glBy_mYcXZw_faceswap_id01661_wavtolip.mp4,fake
FakeAVCeleb\FakeVideo-FakeAudio\African\women\id03747\00273_id02824_glBy_mYcXZw_faceswap_id04055_wavtolip.mp4,fake
FakeAVCeleb\FakeVideo-FakeAudio\African\women\id03747\00273_id02824_glBy_mYcXZw_faceswap_id04374_wavtolip.mp4,fake
FakeAVCeleb\FakeVideo-FakeAudio\African\women\id03747\00273_id02824_glBy_mYcXZw_faceswap_id04547_wavtolip.mp4,fake
FakeAVCeleb\FakeVideo-FakeAudio\African\women\id03747\00273_id02824_glBy_mYcXZw_faceswap_id05235_wavtolip.mp4,fake
FakeAVCeleb\FakeVideo-FakeAudio\African\women\id04055\00001_id05252_CMxIX3absYM_faceswap_id00577_wavtolip.mp4,fake
FakeAVCeleb\FakeVideo-FakeAudio\African\women\id04055\00001_id05252_CMxIX3absYM_faceswap_id03569_wavtolip.mp4,fake
FakeAVCeleb\FakeVideo-FakeAudio\African\women\id04055\00001_id05252_CMxIX3absYM_faceswap_id04705_wavtolip.mp4,fake
FakeAVCeleb\FakeVideo-FakeAudio\African\women\id04055\00001_id05252_CMxIX3absYM_faceswap_id05251_wavtolip.mp4,fake
FakeAVCeleb\FakeVideo-FakeAudio\African\women\id04055\00001_id05252_CMxIX3absYM_faceswap_id05980_wavtolip.mp4,fake
FakeAVCeleb\FakeVideo-FakeAudio\African\women\id04374\00032_id04689_0YqK1ksKjLg_faceswap_id00371_wavtolip.mp4,fake
FakeAVCeleb\FakeVideo-FakeAudio\African\women\id04374\00032_id04689_0YqK1ksKjLg_faceswap_id01532_wavtolip.mp4,fake
FakeAVCeleb\FakeVideo-FakeAudio\African\women\id04374\00032_id04689_0YqK1ksKjLg_faceswap_id04689_wavtolip.mp4,fake
FakeAVCeleb\FakeVideo-FakeAudio\African\women\id04374\00032_id04689_0YqK1ksKjLg_faceswap_id05231_wavtolip.mp4,fake
FakeAVCeleb\FakeVideo-FakeAudio\African\women\id04376\00181_id04437_2csrqaF55pk_faceswap_id00371_wavtolip.mp4,fake
FakeAVCeleb\FakeVideo-FakeAudio\African\women\id04376\00181_id04437_2csrqaF55pk_faceswap_id00460_wavtolip.mp4,fake
FakeAVCeleb\FakeVideo-FakeAudio\African\women\id04376\00181_id04437_2csrqaF55pk_faceswap_id00577_wavtolip.mp4,fake
FakeAVCeleb\FakeVideo-FakeAudio\African\women\id04376\00181_id04437_2csrqaF55pk_faceswap_id01838_wavtolip.mp4,fake
FakeAVCeleb\FakeVideo-FakeAudio\African\women\id04376\00181_id04437_2csrqaF55pk_faceswap_id02721_wavtolip.mp4,fake
FakeAVCeleb\FakeVideo-FakeAudio\African\women\id04547\00052_2_id00832_wavtolip.mp4,fake
FakeAVCeleb\FakeVideo-FakeAudio\African\women\id04547\00052_2_id02617_wavtolip.mp4,fake
FakeAVCeleb\FakeVideo-FakeAudio\African\women\id04547\00052_2_id02808_wavtolip.mp4,fake
FakeAVCeleb\FakeVideo-FakeAudio\African\women\id04547\00052_2_id02824_wavtolip.mp4,fake
FakeAVCeleb\FakeVideo-FakeAudio\African\women\id04547\00052_2_id05251_wavtolip.mp4,fake
FakeAVCeleb\FakeVideo-FakeAudio\African\women\id04705\00408_id05252_CMxIX3absYM_faceswap_id00460_wavtolip.mp4,fake
FakeAVCeleb\FakeVideo-FakeAudio\African\women\id04705\00408_id05252_CMxIX3absYM_faceswap_id01838_wavtolip.mp4,fake
FakeAVCeleb\FakeVideo-FakeAudio\African\women\id04705\00408_id05252_CMxIX3absYM_faceswap_id02948_wavtolip.mp4,fake
FakeAVCeleb\FakeVideo-FakeAudio\African\women\id04705\00408_id05252_CMxIX3absYM_faceswap_id03747_wavtolip.mp4,fake
FakeAVCeleb\FakeVideo-FakeAudio\African\women\id04705\00408_id05252_CMxIX3absYM_faceswap_id04736_wavtolip.mp4,fake
FakeAVCeleb\FakeVideo-FakeAudio\African\women\id04736\00083_id05235_ASy8lP3SRtw_faceswap_id00592_wavtolip.mp4,fake
FakeAVCeleb\FakeVideo-FakeAudio\African\women\id04736\00083_id05235_ASy8lP3SRtw_faceswap_id01907_wavtolip.mp4,fake
FakeAVCeleb\FakeVideo-FakeAudio\African\women\id04736\00083_id05235_ASy8lP3SRtw_faceswap_id02721_wavtolip.mp4,fake
FakeAVCeleb\FakeVideo-FakeAudio\African\women\id04736\00083_id05235_ASy8lP3SRtw_faceswap_id04245_wavtolip.mp4,fake
FakeAVCeleb\FakeVideo-FakeAudio\African\women\id04820\00015_id02948__ZEDGNWjuFE_faceswap_id00568_wavtolip.mp4,fake
FakeAVCeleb\FakeVideo-FakeAudio\African\women\id04820\00015_id02948__ZEDGNWjuFE_faceswap_id01783_wavtolip.mp4,fake
FakeAVCeleb\FakeVideo-FakeAudio\African\women\id04820\00015_id02948__ZEDGNWjuFE_faceswap_id02721_wavtolip.mp4,fake
FakeAVCeleb\FakeVideo-FakeAudio\African\women\id04820\00015_id02948__ZEDGNWjuFE_faceswap_id04376_wavtolip.mp4,fake
FakeAVCeleb\FakeVideo-FakeAudio\African\women\id04820\00015_id02948__ZEDGNWjuFE_faceswap_id04689_wavtolip.mp4,fake
FakeAVCeleb\FakeVideo-FakeAudio\African\women\id04939\00174_id02586_dEYzYDsbAeo_faceswap_id00460_wavtolip.mp4,fake
FakeAVCeleb\FakeVideo-FakeAudio\African\women\id04939\00174_id02586_dEYzYDsbAeo_faceswap_id01907_wavtolip.mp4,fake
FakeAVCeleb\FakeVideo-FakeAudio\African\women\id04939\00174_id02586_dEYzYDsbAeo_faceswap_id03747_wavtolip.mp4,fake
FakeAVCeleb\FakeVideo-FakeAudio\African\women\id04939\00174_id02586_dEYzYDsbAeo_faceswap_id04939_wavtolip.mp4,fake
FakeAVCeleb\FakeVideo-FakeAudio\African\women\id04939\00174_id02586_dEYzYDsbAeo_faceswap_id05235_wavtolip.mp4,fake
FakeAVCeleb\FakeVideo-FakeAudio\African\women\id05106\00078_id04820_64ybrA1atlM_faceswap_id00371_wavtolip.mp4,fake
FakeAVCeleb\FakeVideo-FakeAudio\African\women\id05106\00078_id04820_64ybrA1atlM_faceswap_id00592_wavtolip.mp4,fake
FakeAVCeleb\FakeVideo-FakeAudio\African\women\id05106\00078_id04820_64ybrA1atlM_faceswap_id01661_wavtolip.mp4,fake
FakeAVCeleb\FakeVideo-FakeAudio\African\women\id05106\00078_id04820_64ybrA1atlM_faceswap_id04437_wavtolip.mp4,fake
FakeAVCeleb\FakeVideo-FakeAudio\African\women\id05106\00078_id04820_64ybrA1atlM_faceswap_id05231_wavtolip.mp4,fake
FakeAVCeleb\FakeVideo-FakeAudio\African\women\id05231\00149_id01178_6XpgYMiKxhc_faceswap_id00371_wavtolip.mp4,fake
FakeAVCeleb\FakeVideo-FakeAudio\African\women\id05231\00149_id01178_6XpgYMiKxhc_faceswap_id00592_wavtolip.mp4,fake
FakeAVCeleb\FakeVideo-FakeAudio\African\women\id05231\00149_id01178_6XpgYMiKxhc_faceswap_id01907_wavtolip.mp4,fake
FakeAVCeleb\FakeVideo-FakeAudio\African\women\id05231\00149_id01178_6XpgYMiKxhc_faceswap_id02301_wavtolip.mp4,fake
FakeAVCeleb\FakeVideo-FakeAudio\African\women\id05231\00149_id01178_6XpgYMiKxhc_faceswap_id02721_wavtolip.mp4,fake
FakeAVCeleb\FakeVideo-FakeAudio\African\women\id05235\00052_id01907_LBcRkuRq0uY_faceswap_id01783_wavtolip.mp4,fake
FakeAVCeleb\FakeVideo-FakeAudio\African\women\id05235\00052_id01907_LBcRkuRq0uY_faceswap_id02808_wavtolip.mp4,fake
FakeAVCeleb\FakeVideo-FakeAudio\African\women\id05235\00052_id01907_LBcRkuRq0uY_faceswap_id04055_wavtolip.mp4,fake
FakeAVCeleb\FakeVideo-FakeAudio\African\women\id05235\00052_id01907_LBcRkuRq0uY_faceswap_id04736_wavtolip.mp4,fake
FakeAVCeleb\FakeVideo-FakeAudio\African\women\id05235\00052_id01907_LBcRkuRq0uY_faceswap_id05251_wavtolip.mp4,fake
FakeAVCeleb\FakeVideo-FakeAudio\African\women\id05251\00033_id01178_6XpgYMiKxhc_faceswap_id00568_wavtolip.mp4,fake
FakeAVCeleb\FakeVideo-FakeAudio\African\women\id05251\00033_id01178_6XpgYMiKxhc_faceswap_id03569_wavtolip.mp4,fake
FakeAVCeleb\FakeVideo-FakeAudio\African\women\id05251\00033_id01178_6XpgYMiKxhc_faceswap_id03658_wavtolip.mp4,fake
FakeAVCeleb\FakeVideo-FakeAudio\African\women\id05251\00033_id01178_6XpgYMiKxhc_faceswap_id04437_wavtolip.mp4,fake
FakeAVCeleb\FakeVideo-FakeAudio\African\women\id05252\00052_id01178_6XpgYMiKxhc_faceswap_id00220_wavtolip.mp4,fake
FakeAVCeleb\FakeVideo-FakeAudio\African\women\id05252\00052_id01178_6XpgYMiKxhc_faceswap_id00832_wavtolip.mp4,fake
FakeAVCeleb\FakeVideo-FakeAudio\African\women\id05252\00052_id01178_6XpgYMiKxhc_faceswap_id02824_wavtolip.mp4,fake
FakeAVCeleb\FakeVideo-FakeAudio\African\women\id05252\00052_id01178_6XpgYMiKxhc_faceswap_id04376_wavtolip.mp4,fake
FakeAVCeleb\FakeVideo-FakeAudio\African\women\id05252\00052_id01178_6XpgYMiKxhc_faceswap_id04437_wavtolip.mp4,fake
FakeAVCeleb\FakeVideo-FakeAudio\Caucasian (American)\men\id00018\00181_id01201_Q8XWfmNiWYA_faceswap_id00243_wavtolip.mp4,fake
FakeAVCeleb\FakeVideo-FakeAudio\Caucasian (American)\men\id00018\00181_id01201_Q8XWfmNiWYA_faceswap_id00777_wavtolip.mp4,fake
FakeAVCeleb\FakeVideo-FakeAudio\Caucasian (American)\men\id00018\00181_id01201_Q8XWfmNiWYA_faceswap_id00945_wavtolip.mp4,fake
FakeAVCeleb\FakeVideo-FakeAudio\Caucasian (American)\men\id00018\00181_id01201_Q8XWfmNiWYA_faceswap_id01239_wavtolip.mp4,fake
FakeAVCeleb\FakeVideo-FakeAudio\Caucasian (American)\men\id00018\00181_id01201_Q8XWfmNiWYA_faceswap_id03678_wavtolip.mp4,fake
FakeAVCeleb\FakeVideo-FakeAudio\Caucasian (American)\men\id00020\00206_id01182_zca-PHR_U40_faceswap_id00018_wavtolip.mp4,fake
FakeAVCeleb\FakeVideo-FakeAudio\Caucasian (American)\men\id00020\00206_id01182_zca-PHR_U40_faceswap_id00049_wavtolip.mp4,fake
FakeAVCeleb\FakeVideo-FakeAudio\Caucasian (American)\men\id00020\00206_id01182_zca-PHR_U40_faceswap_id00696_wavtolip.mp4,fake
FakeAVCeleb\FakeVideo-FakeAudio\Caucasian (American)\men\id00020\00206_id01182_zca-PHR_U40_faceswap_id01048_wavtolip.mp4,fake
FakeAVCeleb\FakeVideo-FakeAudio\Caucasian (American)\men\id00020\00206_id01182_zca-PHR_U40_faceswap_id01201_wavtolip.mp4,fake
